"Rank","Album","Artist","Year","Points"
1,"I Dreamed A Dream","Susan Boyle",2010,100
2,"Recovery","Eminem",2010,99.5
3,"Need You Now","Lady Antebellum",2010,99
4,"The Fame","Lady Gaga",2010,98.5
5,"My World 2.0","Justin Bieber",2010,98
6,"My Christmas","Andrea Bocelli",2010,97.5
7,"Fearless","Taylor Swift",2010,97
8,"My World (EP)","Justin Bieber",2010,96.5
9,"Speak Now","Taylor Swift",2010,96
10," The E.N.D.","The Black Eyed Peas",2010,95.5
11,"The Element Of Freedom","Alicia Keys",2010,95
12,"Play On","Carrie Underwood",2010,94.5
13,"The Fame Monster (EP)","Lady Gaga",2010,94
14,"Soldier Of Love","Sade",2010,93.5
15,"Crazy Love","Michael Buble",2010,93
16,"Thank Me Later","Drake",2010,92.5
17,"The Foundation ","Zac Brown Band",2010,92
18,"Raymond V Raymond","Usher",2010,91.5
19,"Battle Studies","John Mayer",2010,91
20,"Animal","Ke$ha ",2010,90.5
21,"RATED R","Rihanna",2010,90
22,"Michael Jackson's This Is It (Soundtrack)","Michael Jackson",2010,89.5
23,"Glee: Season One: The Music Volume 1","Soundtrack",2010,89
24,"STRONGER withEach Tear","Mary J. Blige",2010,88.5
25,"Lady Antebellum","Lady Antebellum",2010,88
26," Glee: Season One: The Music Volume 2","Soundtrack",2010,87.5
27,"Revolution","Miranda Lambert",2010,87
28,"The Fall","Norah Jones",2010,86.5
29," For Your Entertainment","Adam Lambert",2010,86
30,"NOW 32","Various Artists",2010,85.5
31,"The Twilight Saga: New Moon","Soundtrack",2010,85
32,"Ocean Eyes","Owl City",2010,84.5
33,"To The Sea","Jack Johnson",2010,84
34,"Rebirth","Lil Wayne",2010,83.5
35,"Alvin And The Chipmunks: The Squeakquel","Soundtrack",2010,83
36,"NOW 33","Various Artists",2010,82.5
37,"Until The Whole World Hears","Casting Crowns",2010,82
38,"The Time Of Our Lives (EP)","Miley Cyrus",2010,81.5
39,"Number Ones","Michael Jackson",2010,81
40,"Teenage Dream","Katy Perry",2010,80.5
41,"Wide Open","Jason Aldean",2010,80
42,"Dark Horse","Nickelback",2010,79.5
43,"Relapse","Eminem",2010,79
44,"The Blueprint 3","JAY-Z",2010,78.5
45,"Battle Of The Sexes","Ludacris",2010,78
46,"We Are Young Money","Young Money",2010,77.5
47,"Kiss And Tell","Selena Gomez & The Scene",2010,77
48,"Still Standing","Monica",2010,76.5
50,"Only By The Night","Kings Of Leon",2010,75.5
51,"Ready","Trey Songz",2010,75
52,"Passion, Pain & Pleasure","Trey Songz",2010,74.5
53,"A Thousand Suns","Linkin Park",2010,74
54,"Live At The Troubadour","Carole King & James Taylor",2010,73.5
55,"Teflon Don","Rick Ross",2010,73
56,"Learn To Live","Darius Rucker",2010,72.5
57,"Save Me, San Francisco","Train",2010,72
58,"The Twilight Saga: Eclipse","Soundtrack",2010,71.5
59,"Leave This Town","Daughtry",2010,71
60,"I Am Not A Human Being","Lil Wayne",2010,70.5
61,"B.o.B Presents: The Adventures Of Bobby Ray","B.o.B",2010,70
62,"Taylor Swift","Taylor Swift",2010,69.5
63,"NOW 34","Various Artists",2010,69
64,"Funhouse","P!nk",2010,68.5
65,"Iron Man 2 (Soundtrack)","AC/DC",2010,68
66,"Southern Voice","Tim McGraw",2010,67.5
67,"Before I Self-Destruct","50 Cent",2010,67
68,"Sex Therapy: The Session","Robin Thicke",2010,66.5
69,"The Incredible Machine","Sugarland",2010,66
70,"The Taylor Swift Holiday Collection (EP)","Taylor Swift",2010,65.5
71,"The Oracle","Godsmack",2010,65
72,"Contra","Vampire Weekend",2010,64.5
73,"You Get What You Give","Zac Brown Band",2010,64
74,"Awake","Skillet",2010,63.5
75,"Hemingway's Whiskey","Kenny Chesney",2010,63
76,"Nightmare","Avenged Sevenfold",2010,62.5
77,"NOW 35","Various Artists",2010,62
78,"The State Vs. Radric Davis","Gucci Mane",2010,61.5
79,"Brothers","The Black Keys",2010,61
80,"The Suburbs","Arcade Fire",2010,60.5
81,"Asylum","Disturbed",2010,60
82,"Hope For Haiti Now","Various Artists",2010,59.5
83,"Sigh No More","Mumford & Sons",2010,59
84,"I Am...Sasha Fierce","Beyonce",2010,58.5
85,"Noel","Josh Groban",2010,58
86,"Another Round","Jaheim",2010,57.5
87,"Peace On Earth","Casting Crowns",2010,57
88,"The Circle","Bon Jovi",2010,56.5
89,"Plastic Beach","Gorillaz",2010,56
90,"If On A Winter's Night...","Sting",2010,55.5
91,"Doin' My Thing","Luke Bryan",2010,55
92,"Glee: The Music, Journey To Regionals (EP)","Soundtrack",2010,54.5
93,"WOW Hits 2010","Various Artists",2010,54
94,"Brand New Eyes","Paramore",2010,53.5
95,"Here I Am","Marvin Sapp",2010,53
96,"Wolfgang Amadeus Phoenix","Phoenix",2010,52.5
97,"Come Around Sundown","Kings Of Leon",2010,52
98,"The Resistance","Muse",2010,51.5
99,"Mojo","Tom Petty And The Heartbreakers",2010,51
100,"The Gift","Susan Boyle",2010,50.5
101,"Tonight","tobyMac",2010,50
102,"Dear Agony","Breaking Benjamin",2010,49.5
103,"Haywire","Josh Turner",2010,49
104,"The Sound Of Madness","Shinedown",2010,48.5
105,"Back To Me","Fantasia",2010,48
106,"Journey's Greatest Hits","Journey",2010,47.5
107,"Hannah Montana: The Movie","Soundtrack",2010,47
108,"Twilight","Soundtrack",2010,46.5
109,"Untitled","R. Kelly",2010,46
110,"American Saturday Night","Brad Paisley",2010,45.5
111,"Them Crooked Vultures","Them Crooked Vultures",2010,45
112,"The Essential Michael Jackson","Michael Jackson",2010,44.5
113,"Graffiti","Chris Brown",2010,44
114,"She Wolf","Shakira",2010,43.5
115,"Kris Allen","Kris Allen",2010,43
116,"This Is War","Thirty Seconds To Mars",2010,42.5
117,"The Bridge","Melanie Fiona",2010,42
118,"Hands All Over","Maroon 5",2010,41.5
119,"NEW AMERYKAH: Part Two: Return Of The Ankh","Erykah Badu",2010,41
120,"Crazy Heart","Soundtrack",2010,40.5
121,"Kidz Bop 18","Kidz Bop Kids",2010,40
122,"So Far Gone (EP)","Drake",2010,39.5
123,"My Kinda Party","Jason Aldean",2010,39
124,"Valleys Of Neptune","Jimi Hendrix",2010,38.5
125,"Easton Corbin","Easton Corbin",2010,38
126,"Broken Bells","Broken Bells",2010,37.5
127,"Man On The Moon: The End Of Day","Kid Cudi",2010,37
128,"Laws Of Illusion","Sarah McLachlan",2010,36.5
129,"Defying Gravity","Keith Urban",2010,36
130,"Can't Be Tamed","Miley Cyrus",2010,35.5
131,"#1s ... And Then Some","Brooks & Dunn",2010,35
132,"Breakthrough","Colbie Caillat",2010,34.5
133,"Good Evening New York City","Paul McCartney",2010,34
134,"Night Castle","Trans-Siberian Orchestra",2010,33.5
135,"Malice N Wonderland","Snoop Dogg",2010,33
136,"Jason Derulo","Jason Derulo",2010,32.5
137,"Thriller","Michael Jackson",2010,32
138,"Kidz Bop 17","Kidz Bop Kids",2010,31.5
139,"Bionic","Christina Aguilera",2010,31
140,"Intimacy: Album III","Kem",2010,30.5
141,"2010 Grammy Nominees","Various Artists",2010,30
142,"Keep On Loving You","Reba",2010,29.5
143,"Waking Up","OneRepublic",2010,29
144,"A Year Without Rain","Selena Gomez & The Scene",2010,28.5
145,"Legend: The Best Of Bob Marley And The Wailers","Bob Marley And The Wailers",2010,28
146,"Glee: The Music, The Power Of Madonna (EP)","Soundtrack",2010,27.5
147,"BLACKsummers'night","Maxwell",2010,27
148,"Greatest Hits II","Kenny Chesney",2010,26.5
149,"Timbaland Presents Shock Value II","Timbaland",2010,26
150,"Love On The Inside","Sugarland",2010,25.5
151,"The Man I Want To Be","Chris Young",2010,25
152,"War Is The Answer","Five Finger Death Punch",2010,24.5
153,"Life Starts Now","Three Days Grace",2010,24
154,"Scream","Ozzy Osbourne ",2010,23.5
155,"Hillbilly Bone (EP)","Blake Shelton",2010,23
156,"Christmas: 25th Anniversary Collection","Mannheim Steamroller",2010,22.5
158," The Generous Mr. Lovewell","MercyMe",2010,21.5
159,"Greatest Hits","Foo Fighters",2010,21
160,"Charleston, SC 1966","Darius Rucker",2010,20.5
161,"That Lonesome Song","Jamey Johnson",2010,20
162,"Soulbook","Rod Stewart",2010,19.5
163,"Gold And Green","Sugarland",2010,19
164,"Unstoppable","Rascal Flatts",2010,18.5
165,"Greatest Hits","Guns N' Roses",2010,18
166,"Memento Mori","Flyleaf",2010,17.5
167,"Get Off On The Pain","Gary Allan",2010,17
168,"Fever","Bullet For My Valentine",2010,16.5
169,"Camp Rock 2: The Final Jam","Soundtrack",2010,16
170,"Distant Relatives","Nas & Damian ""Jr. Gong"" Marley",2010,15.5
171,"It's Time","Michael Buble",2010,15
172,"Backspacer","Pearl Jam",2010,14.5
173,"Buffet Hotel","Jimmy Buffett",2010,14
174,"Black Gives Way To Blue","Alice In Chains",2010,13.5
175,"Kaleidoscope Heart","Sara Bareilles",2010,13
176,"Exile On Main St.","The Rolling Stones",2010,12.5
177,"God Willin' & The Creek Don't Rise","Ray Lamontagne And The Pariah Dogs",2010,12
178,"American Ride","Toby Keith",2010,11.5
179,"The Sea","Corinne Bailey Rae",2010,11
180,"The Guitar Song","Jamey Johnson",2010,10.5
181,"Tha Carter III","Lil Wayne",2010,10
182,"All Or Nothing","Jay Sean",2010,9.5
183,"Sir Lucious Left Foot: The Son Of Chico Dusty","Big Boi ",2010,9
184,"Let It Snow! (EP)","Michael Buble",2010,8.5
185,"Euphoria","Enrique Iglesias",2010,8
186,"Versus (EP)","Usher",2010,7.5
187,"Guitar Heaven: The Greatest Guitar Classics Of All Time","Santana",2010,7
188,"Call Me Irresponsible","Michael Buble",2010,6.5
189,"Cage The Elephant","Cage The Elephant",2010,6
190,"Glory In The Highest: Christmas Songs Of Worship","Chris Tomlin",2010,5.5
191,"Full Circle","Creed",2010,5
192,"Christmas Cheers","Straight No Chaser",2010,4.5
193,"Man On The Moon II: The Legend Of Mr. Rager","Kid Cudi",2010,4
194,"Freight Train","Alan Jackson",2010,3.5
195,"Songs From The Heart","Celtic Woman",2010,3
196,"Echo","Leona Lewis",2010,2.5
197,"Up On The Ridge","Dierks Bentley",2010,2
198,"The Script","The Script",2010,1.5
199,"Bullets In The Gun","Toby Keith",2010,1
200,"JUDGE JERROD & THE HUNG JURY","Jerrod Niemann",2010,0.5
1,"21","Adele",2011,100
2,"Speak Now","Taylor Swift",2011,99.5
3,"Born This Way","Lady Gaga",2011,99
4,"My Kinda Party","Jason Aldean",2011,98.5
5,"The Gift","Susan Boyle",2011,98
6,"Tha Carter IV","Lil Wayne",2011,97.5
7,"Pink Friday","Nicki Minaj",2011,97
8,"Sigh No More","Mumford & Sons",2011,96.5
9,"Loud","Rihanna",2011,96
10,"Teenage Dream","Katy Perry",2011,95.5
11,"My Beautiful Dark Twisted Fantasy","Kanye West",2011,95
12,"Doo-Wops & Hooligans","Bruno Mars",2011,94.5
13,"Recovery","Eminem",2011,94
14,"Watch The Throne","Jay Z Kanye West",2011,93.5
15,"O Holy Night (EP)","Jackie Evancho",2011,93
16,"Born Free","Kid Rock",2011,92.5
17,"Nothing Like This","Rascal Flatts",2011,92
18,"My World 2.0","Justin Bieber",2011,91.5
19," Need You Now","Lady Antebellum",2011,91
20,"Glee: The Music, The Christmas Album","Soundtrack",2011,90.5
21,"4","Beyonce",2011,90
22,"Greatest Hits... So Far!!!","P!nk",2011,89.5
23,"You Get What You Give","Zac Brown Band",2011,89
24,"Illuminations","Josh Groban",2011,88.5
25,"Own The Night","Lady Antebellum",2011,88
26,"F.A.M.E.","Chris Brown",2011,87.5
27,"The Beginning","The Black Eyed Peas",2011,87
28,"Never Say Never: The Remixes (EP)","Justin Bieber",2011,86.5
29,"My Worlds Acoustic","Justin Bieber",2011,86
30,"The Band Perry","The Band Perry",2011,85.5
31,"Femme Fatale","Britney Spears",2011,85
32,"NOW 37","Various Artists",2011,84.5
33,"The Incredible Machine","Sugarland",2011,84
34,"NOW 38","Various Artists",2011,83.5
35,"Mylo Xyloto","Coldplay",2011,83
36,"Get Closer","Keith Urban",2011,82.5
37,"19","Adele",2011,82
38,"Rolling Papers","Wiz Khalifa",2011,81.5
39,"Wasting Light","Foo Fighters",2011,81
41,"Hell: The Sequel (EP)","Bad Meets Evil",2011,80
42,"Hemingway's Whiskey","Kenny Chesney",2011,79.5
43,"Love Letter","R. Kelly",2011,79
44,"Lungs","Florence + The Machine",2011,78.5
45,"Dream With Me","Jackie Evancho",2011,78
46,"This Is Country Music","Brad Paisley",2011,77.5
47,"I Am Not A Human Being","Lil Wayne",2011,77
49,"Duets II","Tony Bennett",2011,76
50,"Brothers","The Black Keys",2011,75.5
51,"No Mercy","T.I.",2011,75
52,"NOW 36","Various Artists",2011,74.5
53,"Burlesque","Soundtrack",2011,74
54,"Michael","Michael Jackson",2011,73.5
55,"Torches","Foster The People",2011,73
56,"The Fame","Lady Gaga",2011,72.5
57,"Clear As Day","Scotty McCreery",2011,72
58,"Revolution","Miranda Lambert",2011,71.5
59,"Lasers","Lupe Fiasco",2011,71
60,"Number One Hits","Tim McGraw",2011,70.5
61,"Tailgates & Tanlines","Luke Bryan",2011,70
62,"Hands All Over","Maroon 5",2011,69.5
63,"BTR (Soundtrack)","Big Time Rush",2011,69
64,"NOW 39","Various Artists",2011,68.5
65,"Tron: Legacy (Soundtrack)","Daft Punk",2011,68
66,"Chief","Eric Church",2011,67.5
67,"A Year Without Rain","Selena Gomez & The Scene",2011,67
68,"The Foundation","Zac Brown Band",2011,66.5
69,"Cannibal","Ke$ha",2011,66
70,"Hello Fear","Kirk Franklin",2011,65.5
71,"I'm With You","Red Hot Chili Peppers",2011,65
72,"Red River Blue","Blake Shelton",2011,64.5
73,"Loaded: The Best Of Blake Shelton","Blake Shelton",2011,64
74,"I Remember Me","Jennifer Hudson",2011,63.5
75,"Cole World: The Sideline Story","J. Cole",2011,63
76,"When The Sun Goes Down","Selena Gomez & The Scene",2011,62.5
77,"Late Nights & Early Mornings","Marsha Ambrosius",2011,62
78,"The Lady Killer","CeeLo Green",2011,61.5
79,"Save Me, San Francisco","Train",2011,61
80,"The Light Of The Sun","Jill Scott",2011,60.5
81,"Best Night Of My Life","Jamie Foxx",2011,60
82,"Christmas","Michael Buble",2011,59.5
83,"My Christmas","Andrea Bocelli",2011,59
84,"Merry Christmas II You","Mariah Carey",2011,58.5
85,"Kidz Bop 19","Kidz Bop Kids",2011,58
86,"Songs For Japan","Various Artists",2011,57.5
87,"Lemonade Mouth","Soundtrack",2011,57
88," Fearless","Taylor Swift",2011,56.5
89,"And If Our God Is For Us...","Chris Tomlin",2011,56
90,"Country Strong","Soundtrack",2011,55.5
91,"Thank Me Later","Drake",2011,55
92,"Hot Sauce Committee Part Two","Beastie Boys",2011,54.5
93,"Come Around Sundown","Kings Of Leon",2011,54
94,"Under The Mistletoe","Justin Bieber",2011,53.5
95,"Animal","Ke$ha",2011,53
96,"Calling All Hearts","Keyshia Cole",2011,52.5
97,"The Suburbs ","Arcade Fire",2011,52
98,"All I Want Is You","Miguel",2011,51.5
99,"Stronger","Sara Evans",2011,51
100,"Bon Iver","Bon Iver",2011,50.5
101,"Charleston, SC 1966","Darius Rucker",2011,50
102,"Journey's Greatest Hits","Journey",2011,49.5
103,"Outlaws Like Me","Justin Moore",2011,49
104,"Passion, Pain & Pleasure","Trey Songz",2011,48.5
105,"Libra Scale","Ne-Yo",2011,48
106,"Kidz Bop 20","Kidz Bop Kids",2011,47.5
107,"A Thousand Suns","Linkin Park",2011,47
108,"My World (EP)","Justin Bieber",2011,46.5
109,"WOW Hits 2011","Various Artists",2011,46
110,"Glee: The Music, Season Two: Volume 5","Soundtrack",2011,45.5
111,"Paper Airplane","Alison Krauss + Union Station",2011,45
112,"No Boys Allowed ","Keri Hilson",2011,44.5
113,"Enjoy Yourself","Billy Currington",2011,44
114,"The E.N.D.","The Black Eyed Peas",2011,43.5
115," Goodbye Lullaby","Avril Lavigne",2011,43
117,"The King Is Dead","The Decemberists",2011,42
118,"Last Train To Paris","Diddy - Dirty Money",2011,41.5
119," Love?","Jennifer Lopez",2011,41
120,"Number Ones","Michael Jackson",2011,40.5
121,"Awake","Skillet",2011,40
122,"Noel","Josh Groban",2011,39.5
123,"Helplessness Blues","Fleet Foxes",2011,39
124,"Planet Pit","Pitbull",2011,38.5
125,"Finally Famous","Big Sean",2011,38
126,"Stronger","Kelly Clarkson",2011,37.5
127,"Glory In The Highest: Christmas Songs Of Worship","Chris Tomlin",2011,37
128,"34 Number Ones","Alan Jackson",2011,36.5
129,"Here For A Good Time","George Strait",2011,36
130,"Danger Days: The True Lives Of The Fabulous Killjoys","My Chemical Romance",2011,35.5
131,"So Beautiful Or So What","Paul Simon",2011,35
132,"Sorry For Party Rocking","LMFAO",2011,34.5
133,"Nightmare","Avenged Sevenfold",2011,34
134,"Man On The Moon II: The Legend Of Mr. Rager","Kid Cudi",2011,33.5
135,"The King Of Limbs","Radiohead",2011,33
136,"lovestrong.","Christina Perri",2011,32.5
137,"Until The Whole World Hears","Casting Crowns",2011,32
138,"Neighborhoods","Blink-182",2011,31.5
139,"Science & Faith","The Script",2011,31
140,"NOW That's What I Call Christmas! 4","Various Artists",2011,30.5
141,"Evanescence","Evanescence",2011,30
142,"American Tragedy","Hollywood Undead",2011,29.5
143,"Codes And Keys","Death Cab For Cutie",2011,29
144,"Neon","Chris Young",2011,28.5
145,"Curtain Call: The Hits","Eminem",2011,28
146,"Thompson Square","Thompson Square",2011,27.5
148,"A Merry Little Christmas (EP) ","Lady Antebellum",2011,26.5
149,"Legend: The Best Of Bob Marley And The Wailers","Bob Marley And The Wailers",2011,26
150,"Hits Alive","Brad Paisley",2011,25.5
152,"Holding Onto Strings Better Left To Fray","Seether",2011,24.5
153,"Barton Hollow","The Civil Wars",2011,24
154,"4X4=12","deadmau5",2011,23.5
155,"Ambition","Wale",2011,23
156,"Someone To Watch Over Me","Susan Boyle",2011,22.5
157,"The R.E.D. Album","The Game",2011,22
158,"Just Charlie","Charlie Wilson",2011,21.5
159,"Endgame","Rise Against",2011,21
160,"Intimacy: Album III","Kem",2011,20.5
161,"Carolina ","Eric Church",2011,20
162,"2011 Grammy Nominees","Various Artists",2011,19.5
163,"All Of You","Colbie Caillat",2011,19
164," Taylor Swift","Taylor Swift",2011,18.5
165,"NOW That's What I Call Country: Volume 4","Various Artists",2011,18
166,"Town Line (EP)","Aaron Lewis",2011,17.5
167,"All The Women I Am","Reba",2011,17
168,"...featuring","Norah Jones",2011,16.5
169,"Back To Black","Amy Winehouse",2011,16
170,"Love Me Back","Jazmine Sullivan",2011,15.5
171,"Here I Am","Kelly Rowland",2011,15
172,"Four The Record","Miranda Lambert",2011,14.5
173,"The Best Of Lynyrd Skynyrd: 20th Century Masters The Millennium Collection","Lynyrd Skynyrd",2011,14
174,"American Idol Season 10 Highlights: Scotty McCreery (EP)","Scotty McCreery",2011,13.5
175,"1","The Beatles",2011,13
176,"Play On","Carrie Underwood ",2011,12.5
177,"Ukulele Songs","Eddie Vedder",2011,12
178,"Turtleneck & Chain","The Lonely Island",2011,11.5
179,"War Is The Answer","Five Finger Death Punch",2011,11
181,"FARMER's DAUGHTER","Crystal Bowersox",2011,10
182,"Halfway To Heaven","Brantley Gilbert",2011,9.5
183,"Crazy Love","Michael Buble",2011,9
184,"What Separates Me From You","A Day To Remember",2011,8.5
185,"A Christmas Cornucopia","Annie Lennox",2011,8
186,"What Matters Most","Barbra Streisand",2011,7.5
187,"Unbroken","Demi Lovato",2011,7
188,"A Charlie Brown Christmas (Soundtrack)","Vince Guaraldi Trio",2011,6.5
189,"Flockaveli","Waka Flocka Flame",2011,6
190,"Come To The Well","Casting Crowns",2011,5.5
191,"American Capitalist","Five Finger Death Punch",2011,5
192,"Angles","The Strokes",2011,4.5
193,"The Taylor Swift Holiday Collection (EP)","Taylor Swift",2011,4
194,"NOW 35","Various Artists",2011,3.5
195," The Best Of Eric Clapton: 20th Century Masters The Millennium Collection","Eric Clapton",2011,3
196,"Maybach Music Group Presents: Self Made: Vol. I","Various Artists",2011,2.5
197,"Greatest Hits Volume 1","Rascal Flatts",2011,2
198,"If Not Now, When?","Incubus",2011,1.5
199,"The Marshall Mathers LP","Eminem",2011,1
200,"The Promise","Bruce Springsteen",2011,0.5
1,"21","Adele",2012,100
2,"Christmas","Michael Buble",2012,99.5
3,"Take Care","Drake",2012,99
4,"Red"," Taylor Swift",2012,98.5
5,"Up All Night","One Direction",2012,98
6,"Tailgates & Tanlines","Luke Bryan",2012,97.5
7,"Babel","Mumford & Sons",2012,97
8,"Talk That Talk","Rihanna",2012,96.5
9,"Tuskegee","Lionel Richie",2012,96
10,"El Camino","The Black Keys",2012,95.5
11,"Believe","Justin Bieber",2012,95
12,"Own The Night","Lady Antebellum",2012,94.5
13,"Under The Mistletoe","Justin Bieber",2012,94
14,"Blown Away","Carrie Underwood",2012,93.5
15,"Here And Now","Nickelback",2012,93
16,"19","Adele",2012,92.5
17,"Mylo Xyloto"," Coldplay",2012,92
18,"Whitney: The Greatest Hits","Whitney Houston",2012,91.5
19,"My Kinda Party","Jason Aldean",2012,91
20,"Some Nights","fun.",2012,90.5
21,"Overexposed","Maroon 5",2012,90
22,"NOW 41","Various Artists",2012,89.5
23,"Chief","Eric Church",2012,89
24,"Stronger","Kelly Clarkson",2012,88.5
25,"Teenage Dream","Katy Perry",2012,88
26,"Pink Friday: Roman Reloaded","Nicki Minaj",2012,87.5
27,"Making Mirrors","Gotye",2012,87
28,"Sorry For Party Rocking","LMFAO",2012,86.5
29,"Sigh No More","Mumford & Sons",2012,86
30,"Night Train","Jason Aldean",2012,85.5
31,"TM:103: Hustlerz Ambition","Young Jeezy",2012,85
32,"Clear As Day","Scotty McCreery",2012,84.5
33,"Ceremonials","Florence + The Machine",2012,84
34,"My Life II...The Journey Continues (Act 1)","Mary J. Blige",2012,83.5
35,"Uncaged","Zac Brown Band",2012,83
36,"NOW 40","Various Artists",2012,82.5
37,"The Truth About Love","P!nk",2012,82
38,"The Band Perry","The Band Perry",2012,81.5
39,"Tha Carter IV","Lil Wayne",2012,81
40,"Living Things","Linkin Park",2012,80.5
41,"Welcome To The Fishbowl","Kenny Chesney",2012,80
42,"Concerto: One Night In Central Park","Andrea Bocelli",2012,79.5
43,"Born And Raised","John Mayer",2012,79
44,"MDNA","Madonna",2012,78.5
45,"Speak Now","Taylor Swift",2012,78
46,"Hands All Over","Maroon 5",2012,77.5
47,"Four The Record","Miranda Lambert",2012,77
48,"NOW 42","Various Artists",2012,76.5
49,"God Forgives, I Don't","Rick Ross",2012,76
50,"Wrecking Ball","Bruce Springsteen",2012,75.5
51,"Watch The Throne","Jay Z Kanye West",2012,75
52,"Clancy's Tavern","Toby Keith",2012,74.5
53,"Break The Spell","Daughtry",2012,74
54,"NOW 43","Various Artists",2012,73.5
55,"Halfway To Heaven","Brantley Gilbert",2012,73
56,"My Head Is An Animal","Of Monsters And Men",2012,72.5
57,"The Hunger Games: Songs From District 12 And Beyond","Soundtrack",2012,72
58,"Away From The World","Dave Matthews Band",2012,71.5
59,"The Lumineers","The Lumineers",2012,71
60,"Doo-Wops & Hooligans","Bruno Mars",2012,70.5
61,"Torches","Foster The People",2012,70
62,"The Twilight Saga: Breaking Dawn: Part 1","Soundtrack",2012,69.5
63,"Bangarang (EP)","Skrillex",2012,69
64,"Looking 4 Myself","Usher ",2012,68.5
65,"Lioness: Hidden Treasures","Amy Winehouse",2012,68
66,"Blunderbuss","Jack White",2012,67.5
67,"Red River Blue","Blake Shelton",2012,67
68,"Changed","Rascal Flatts",2012,66.5
69,"Love Is A Four Letter Word","Jason Mraz",2012,66
70,"Born To Die","Lana Del Rey",2012,65.5
71,"A Different Kind Of Truth","Van Halen",2012,65
72,"Based On A T.R.U. Story","2 Chainz",2012,64.5
73,"...Little Broken Hearts","Norah Jones",2012,64
74,"Channel Orange","Frank Ocean",2012,63.5
75,"You Get What You Give","Zac Brown Band",2012,63
76," Duets II","Tony Bennett",2012,62.5
77,"Fortune","Chris Brown",2012,62
78,"Tornado","Little Big Town",2012,61.5
79,"Kanye West Presents GOOD Music Cruel Summer","Various Artists",2012,61
80,"good kid, m.A.A.d city","Kendrick Lamar",2012,60.5
81,"Come To The Well","Casting Crowns",2012,60
82,"California 37"," Train",2012,59.5
83,"Ultimate Hits: Rock And Roll Never Forgets","Bob Seger & The Silver Bullet Band",2012,59
84,"Kidz Bop 21","Kidz Bop Kids",2012,58.5
85,"Born This Way","Lady Gaga ",2012,58
86,"2012 Grammy Nominees","Various Artists",2012,57.5
87,"Scary Monsters And Nice Sprites (EP)","Skrillex",2012,57
88,"Barton Hollow"," The Civil Wars",2012,56.5
89,"Amaryllis","Shinedown",2012,56
90,"Life Is Good","Nas",2012,55.5
91,"4","Beyonce",2012,55
92,"American Capitalist","Five Finger Death Punch",2012,54.5
93,"Boys & Girls","Alabama Shakes",2012,54
94,"Someone To Watch Over Me","Susan Boyle",2012,53.5
96,"Careless World: Rise Of The Last King","Tyga",2012,52.5
97,"Brothers","The Black Keys",2012,52
98,"Lungs","Florence + The Machine",2012,51.5
99,"Chapter V","Trey Songz",2012,51
100,"Speak Now: World Tour Live CD + DVD","Taylor Swift",2012,50.5
101,"Kidz Bop 22","Kidz Bop Kids",2012,50
102,"Nothing But The Beat","David Guetta",2012,49.5
103,"Recovery","Eminem",2012,49
104," Emotional Traffic","Tim McGraw",2012,48.5
105,"Heavenly Christmas","Jackie Evancho",2012,48
106,"Slipstream","Bonnie Raitt",2012,47.5
107," Hunter Hayes","Hunter Hayes",2012,47
108,"Greatest Hits","Guns N' Roses",2012,46.5
109,"Hell On Heels","Pistol Annies",2012,46
110,"Hard 2 Love"," Lee Brice",2012,45.5
111,"The Foundation","Zac Brown Band",2012,45
112,"Back To Love","Anthony Hamilton",2012,44.5
113,"Maybach Music Group Presents: Self Made 2","Various Artists",2012,44
114,"Clockwork Angels","Rush",2012,43.5
115,"Cole World: The Sideline Story","J. Cole",2012,43
116,"Elevate (Soundtrack)","Big Time Rush",2012,42.5
117,"Journey's Greatest Hits","Journey",2012,42
118,"Strange Clouds","B.o.B",2012,41.5
119,"A Very She & Him Christmas","She & Him",2012,41
120,"Up All Night","Kip Moore",2012,40.5
121,"When The Sun Goes Down","Selena Gomez & The Scene",2012,40
122,"Rock Of Ages ","Soundtrack",2012,39.5
123,"Planet Pit","Pitbull",2012,39
124,"Thirty Miles West","Alan Jackson",2012,38.5
125,"My Christmas","Andrea Bocelli",2012,38
126,"Fearless","Taylor Swift",2012,37.5
127,"Uno!","Green Day",2012,37
128,"Legend: The Best Of Bob Marley And The Wailers","Bob Marley And The Wailers",2012,36.5
129,"Ambition","Wale",2012,36
130,"WOW Hits 2012","Various Artists",2012,35.5
131,"The Path Of Totality","Korn",2012,35
132,"Kisses On The Bottom","Paul McCartney",2012,34.5
133,"Night Visions","Imagine Dragons",2012,34
134,"My World 2.0","Justin Bieber",2012,33.5
135,"Home","Dierks Bentley",2012,33
136,"+","Ed Sheeran",2012,32.5
137,"Tempest","Bob Dylan",2012,32
138,"Dreams And Nightmares","Meek Mill",2012,31.5
139,"Open Invitation","Tyrese",2012,31
140,"Battle Born","The Killers",2012,30.5
141,"Pluto","Future",2012,30
142,"Chronicle The 20 Greatest Hits","Creedence Clearwater Revival Featuring John Fogerty",2012,29.5
143,"The Carpenter","The Avett Brothers",2012,29
144,"North","matchbox twenty",2012,28.5
145,"The Very Best Of Neil Diamond: The Studio Recordings","Neil Diamond",2012,28
146,"Barefoot Blue Jean Night","Jake Owen ",2012,27.5
147,"The Bodyguard","Whitney Houston",2012,27
148,"Scars & Stories","The Fray",2012,26.5
149,"Unbroken","Demi Lovato",2012,26
150,"Port Of Morrow","The Shins",2012,25.5
151,"Write Me Back","R. Kelly",2012,25
152,"Pink Friday ","Nicki Minaj",2012,24.5
153,"Need You Now","Lady Antebellum",2012,24
154,"The 2nd Law","Muse",2012,23.5
155,"Push And Shove","No Doubt",2012,23
156,"Eye On It","tobyMac",2012,22.5
157,"The Idler Wheel Is Wiser Than...","Fiona Apple",2012,22
158,"Megalithic Symphony","AWOLNATION",2012,21.5
159,"Evanescence","Evanescence",2012,21
160,"Project X","Soundtrack",2012,20.5
161,"Kaleidoscope Dream"," Miguel",2012,20
162,"Shake It Up: Live 2 Dance: Music From The Disney Channel Series","Soundtrack",2012,19.5
164,"The Best Of Lynyrd Skynyrd: 20th Century Masters The Millennium Collection","Lynyrd Skynyrd",2012,18.5
165,"Wasting Light","Foo Fighters",2012,18
166,"Christmas Symphony","Mannheim Steamroller With Members Of The Czech Philharmonic Orchestra",2012,17.5
167,"Formula: Vol. 1","Romeo Santos",2012,17
168,"The Muppets","Soundtrack",2012,16.5
169,"The Gift","Susan Boyle",2012,16
170,"Merry Christmas, Baby","Rod Stewart",2012,15.5
171,"Noel","Josh Groban",2012,15
172,"God's Not Dead","newsboys",2012,14.5
173,"Hats Off To The Bull","Chevelle",2012,14
174,"Immortal","Michael Jackson",2012,13.5
175,"A Charlie Brown Christmas (Soundtrack)","Vince Guaraldi Trio",2012,13
176,"Sinatra: Best Of The Best","Frank Sinatra",2012,12.5
177,"Outlaws Like Me","Justin Moore",2012,12
178,"NOW That's What I Call Country: Volume 5","Various Artists",2012,11.5
179,"Blue Slide Park","Mac Miller",2012,11
180,"Glory In The Highest: Christmas Songs Of Worship","Chris Tomlin ",2012,10.5
181,"NOW 39","Various Artists",2012,10
182,"Americana","Neil Young With Crazy Horse",2012,9.5
183,"How Great Is Our God: The Essential Collection","Chris Tomlin ",2012,9
184,"Number One Hits","Tim McGraw",2012,8.5
185,"New Life","Monica",2012,8
186,"Wild Ones","Flo Rida",2012,7.5
187,"Coexist","The xx",2012,7
188,"Trespassing","Adam Lambert",2012,6.5
189,"Camp","Childish Gambino",2012,6
190,"Food & Liquor II: The Great American Rap Album Pt. 1","Lupe Fiasco",2012,5.5
191,"Punching Bag","Josh Turner",2012,5
192,"That's Why God Made The Radio","The Beach Boys",2012,4.5
193,"The Dark Side Of The Moon","Pink Floyd",2012,4
194,"The Wanted","The Wanted",2012,3.5
195,"The Best Of Lionel Richie: 20th Century Masters The Millennium Collection","Lionel Richie",2012,3
196,"#1 Girl","Mindless Behavior",2012,2.5
197,"Gravity","Lecrae",2012,2
198,"Whitney Houston","Whitney Houston",2012,1.5
199,"Love After War","Robin Thicke",2012,1
200,"Licensed To Ill","Beastie Boys",2012,0.5
1,"The 20/20 Experience","Justin Timberlake",2013,100
2,"Red","Taylor Swift",2013,99.5
3,"Take Me Home","One Direction",2013,99
4,"Unorthodox Jukebox","Bruno Mars",2013,98.5
5,"Babel","Mumford & Sons",2013,98
6,"Night Visions","Imagine Dragons",2013,97.5
7,"Here's To The Good Times","Florida Georgia Line",2013,97
8,"The Truth About Love","P!nk",2013,96.5
9,"Crash My Party","Luke Bryan",2013,96
10,"Unapologetic","Rihanna",2013,95.5
11,"Nothing Was The Same","Drake",2013,95
12,"Magna Carta... Holy Grail","JAY-Z",2013,94.5
13,"The Lumineers","The Lumineers",2013,94
14,"The World From The Side Of The Moon","Phillip Phillips",2013,93.5
15,"The Heist","Macklemore & Ryan Lewis",2013,93
16,"The Marshall Mathers LP 2","Eminem",2013,92.5
17,"Based On A True Story ...","Blake Shelton",2013,92
18,"Night Train","Jason Aldean",2013,91.5
19,"Random Access Memories","Daft Punk",2013,91
20,"Pitch Perfect","Soundtrack",2013,90.5
21,"21 ","Adele",2013,90
22,"Overexposed","Maroon 5",2013,89.5
23,"Some Nights","fun.",2013,89
24,"good kid, m.A.A.d city","Kendrick Lamar",2013,88.5
25,"Girl On Fire","Alicia Keys",2013,88
26,"Merry Christmas, Baby","Rod Stewart",2013,87.5
27,"Hunter Hayes","Hunter Hayes",2013,87
28,"To Be Loved","Michael Buble",2013,86.5
29,"Tornado","Little Big Town",2013,86
30,"Les Miserables","Soundtrack",2013,85.5
31,"Blown Away","Carrie Underwood",2013,85
32,"NOW 44","Various Artists",2013,84.5
33,"Tailgates & Tanlines"," Luke Bryan",2013,84
34,"Born Sinner","J. Cole",2013,83.5
35,"Christmas","Michael Buble",2013,83
36,"Blurred Lines","Robin Thicke",2013,82.5
37,"Yeezus","Kanye West",2013,82
38,"I Am Not A Human Being II","Lil Wayne",2013,81.5
39,"Rebel Soul","Kid Rock",2013,81
40,"The 20/20 Experience (2 Of 2)","Justin Timberlake",2013,80.5
41,"Believe","Justin Bieber",2013,80
42,"Greatest Hits: Chapter One","Kelly Clarkson",2013,79.5
43,"Up All Night","One Direction",2013,79
44,"The Great Gatsby: Music From Baz Luhrmann's Film","Soundtrack ",2013,78.5
45,"Spring Break... Here To Party","Luke Bryan",2013,78
46,"+","Ed Sheeran",2013,77.5
47,"Chief","Eric Church",2013,77
48,"My Head Is An Animal","Of Monsters And Men",2013,76.5
49,"PRISM","Katy Perry",2013,76
50,"Trouble Man: Heavy Is The Head","T.I.",2013,75.5
51,"Bangerz","Miley Cyrus",2013,75
52,"Sigh No More","Mumford & Sons",2013,74.5
53,"Born To Die"," Lana Del Rey",2013,74
54,"NOW 45","Various Artists",2013,73.5
55,"Pioneer","The Band Perry",2013,73
56,"Golden","Lady Antebellum",2013,72.5
57,"All That Echoes","Josh Groban",2013,72
58,"Two Lanes Of Freedom","Tim McGraw",2013,71.5
59,"Save Rock And Roll","Fall Out Boy",2013,71
60,"Long.Live.A$AP","A$AP Rocky",2013,70.5
61,"True Believers","Darius Rucker",2013,70
62,"Celebration Day","Led Zeppelin",2013,69.5
63,"NOW 46","Various Artists",2013,69
64,"Pure Heroine","Lorde",2013,68.5
65,"Trilogy","The Weeknd",2013,68
66,"On This Winter's Night","Lady Antebellum",2013,67.5
67,"O.N.I.F.C.","Wiz Khalifa",2013,67
68,"Cheers, It's Christmas","Blake Shelton",2013,66.5
69,"Uncaged","Zac Brown Band",2013,66
70,"Life On A Rock","Kenny Chesney",2013,65.5
71,"Passione","Andrea Bocelli",2013,65
72,"Believe: Acoustic","Justin Bieber",2013,64.5
73,"Doo-Wops & Hooligans","Bruno Mars",2013,64
74,"Modern Vampires Of The City","Vampire Weekend",2013,63.5
75,"Kidz Bop 23","Kidz Bop Kids",2013,63
76,"Teen Beach Movie","Soundtrack",2013,62.5
77,"Love Is Everything","George Strait",2013,62
78,"Global Warming","Pitbull",2013,61.5
79,"El Camino","The Black Keys",2013,61
80,"The Gifted","Wale",2013,60.5
81,"Woman To Woman","Keyshia Cole",2013,60
82,"Hail To The King","Avenged Sevenfold",2013,59.5
83,"NOW 47","Various Artists ",2013,59
84,"2013 Grammy Nominees","Various Artists",2013,58.5
85,"Boys & Girls","Alabama Shakes",2013,58
86,"13","Black Sabbath ",2013,57.5
87,"Set You Free","Gary Allan",2013,57
88,"Native","OneRepublic",2013,56.5
89,"Kaleidoscope Dream","Miguel",2013,56
90,"The Twilight Saga: Breaking Dawn: Part 2","Soundtrack",2013,55.5
91,"The Wrong Side Of Heaven And The Righteous Side Of Hell: Volume 1","Five Finger Death Punch",2013,55
92,"Warrior","Ke$ha",2013,54.5
93,"Nashville: Season 1: Volume 1","Soundtrack",2013,54
94,"Demi","Demi Lovato",2013,53.5
95,"Paramore","Paramore",2013,53
96,"Paradise Valley","John Mayer",2013,52.5
97,"Four The Record","Miranda Lambert",2013,52
98,"Christmas With Scotty McCreery","Scotty McCreery",2013,51.5
99,"Lightning Bolt","Pearl Jam",2013,51
100,"Wheelhouse","Brad Paisley",2013,50.5
101,"Stars Dance","Selena Gomez",2013,50
102,"WOW Hits 2013","Various Artists",2013,49.5
103,"ARTPOP","Lady Gaga",2013,49
104,"Side Effects Of You","Fantasia",2013,48.5
105,"The Civil Wars","The Civil Wars",2013,48
106,"Yours Truly","Ariana Grande",2013,47.5
107,"The Legend Of Johnny Cash","Johnny Cash",2013,47
108,"Based On A T.R.U. Story","2 Chainz",2013,46.5
109,"Kidz Bop 24","Kidz Bop Kids",2013,46
110,"Love And War","Tamar Braxton",2013,45.5
111,"Burning Lights","Chris Tomlin",2013,45
112,"Legend: The Best Of Bob Marley And The Wailers","Bob Marley And The Wailers",2013,44.5
113,"The 2nd Law","Muse",2013,44
114,"Same Trailer Different Park","Kacey Musgraves",2013,43.5
115,"Paradise (EP)","Lana Del Rey",2013,43
116,"Indicud","Kid Cudi",2013,42.5
117,"Lotus","Christina Aguilera",2013,42
118,"Halcyon","Ellie Goulding",2013,41.5
119,"Best Days","Tamela Mann",2013,41
120,"Annie Up","Pistol Annies",2013,40.5
121,"Closer To The Truth","Cher",2013,40
122,"From Here To Now To You","Jack Johnson",2013,39.5
123,"Jesus Piece","The Game",2013,39
124,"Duck The Halls: A Robertson Family Christmas","The Robertsons",2013,38.5
125,"Hard 2 Love ","Lee Brice",2013,38
126,"Fuse","Keith Urban",2013,37.5
127,"Teenage Dream","Katy Perry",2013,37
128,"Precious Memories: Volume II"," Alan Jackson",2013,36.5
129,"Red River Blue","Blake Shelton",2013,36
130,"Love In The Future","John Legend",2013,35.5
131,"Halfway To Heaven","Brantley Gilbert",2013,35
132,"Standing Ovation: The Greatest Songs From The Stage","Susan Boyle",2013,34.5
133,"Caught In The Act: Live","Eric Church",2013,34
134,"The Blessed Unrest","Sara Bareilles",2013,33.5
135,"Reflektor","Arcade Fire",2013,33
136,"Watching Movies With The Sound Off","Mac Miller",2013,32.5
137,"Mechanical Bull","Kings Of Leon",2013,32
138,"What About Now","Bon Jovi",2013,31.5
139,"GRRR!","The Rolling Stones",2013,31
140,"My Kinda Party","Jason Aldean",2013,30.5
141,"...Like Clockwork","Queens Of The Stone Age",2013,30
142,"Off The Beaten Path","Justin Moore",2013,29.5
143,"Three Kings","TGT",2013,29
144,"The Foundation","Zac Brown Band",2013,28.5
145,"Journey's Greatest Hits","Journey",2013,28
146,"Hesitation Marks","Nine Inch Nails",2013,27.5
147,"Channel Orange","Frank Ocean",2013,27
148,"Dreams Of Fireflies (On A Christmas Night) (EP)","Trans-Siberian Orchestra",2013,26.5
149,"King Animal","Soundgarden",2013,26
150,"An Awesome Wave","alt-J ",2013,25.5
151,"Kiss Land","The Weeknd",2013,25
152,"Rise","Skillet",2013,24.5
153,"Cee Lo's Magic Moment","CeeLo Green",2013,24
154,"Finally Rich","Chief Keef",2013,23.5
155,"Trouble Will Find Me","The National",2013,23
156,"Loaded: The Best Of Blake Shelton","Blake Shelton",2013,22.5
157,"La Misma Gran Senora","Jenni Rivera",2013,22
158,"Come To The Well","Casting Crowns",2013,21.5
159,"B.O.A.T.S. II #METIME"," 2 Chainz",2013,21
160,"People, Hell And Angels","Jimi Hendrix",2013,20.5
161,"Lindsey Stirling","Lindsey Stirling",2013,20
162,"The Next Day","David Bowie",2013,19.5
163,"Megalithic Symphony","AWOLNATION",2013,19
164,"Talk A Good Game","Kelly Rowland",2013,18.5
165,"R.E.D","Ne-Yo",2013,18
166,"Miracle","Third Day",2013,17.5
167,"Rebellious Soul","K. Michelle",2013,17
168,"I Will Always Love You: The Best Of Whitney Houston","Whitney Houston",2013,16.5
169,"Eye On It","tobyMac",2013,16
170,"Wrapped In Red","Kelly Clarkson",2013,15.5
171,"19","Adele",2013,15
172,"Under The Mistletoe","Justin Bieber",2013,14.5
173,"Wrote A Song For Everyone","John Fogerty",2013,14
174,"Koi No Yokan","Deftones",2013,13.5
175,"Dos!","Green Day",2013,13
176,"Stay Trippy","Juicy J",2013,12.5
177,"Up All Night","Kip Moore",2013,12
178,"12-12-12 The Concert For Sandy Relief","Various Artists",2013,11.5
179,"Noel","Josh Groban",2013,11
180,"Love, Charlie","Charlie Wilson",2013,10.5
181,"Wolf","Tyler, The Creator",2013,10
182,"The Love Club (EP)","Lorde",2013,9.5
184," Chronicle The 20 Greatest Hits","Creedence Clearwater Revival Featuring John Fogerty",2013,8.5
185,"Pink Friday: Roman Reloaded","Nicki Minaj",2013,8
186,"Hotel California","Tyga",2013,7.5
187,"California 37 ","Train",2013,7
188,"The Devil Put Dinosaurs Here","Alice In Chains",2013,6.5
190,"Our Version Of Events","Emeli Sande",2013,5.5
191,"How Country Feels","Randy Houser",2013,5
192,"Take Care","Drake",2013,4.5
193,"Dreams And Nightmares","Meek Mill",2013,4
194,"The Hobbit: An Unexpected Journey","Soundtrack",2013,3.5
195,"Outlaw Gentlemen & Shady Ladies","Volbeat",2013,3
196,"Joyas Prestadas: Pop","Jenni Rivera",2013,2.5
197,"Excuse My French","French Montana ",2013,2
198,"NOW 43","Various Artists",2013,1.5
199,"Recovery","Eminem",2013,1
200,"The Best Of Eric Clapton: 20th Century Masters The Millennium Collection","Eric Clapton",2013,0.5
1,"Frozen","Soundtrack",2014,100
2,"Beyonce","Beyonce",2014,99.5
3,"1989","Taylor Swift",2014,99
4,"Midnight Memories","One Direction",2014,98.5
5,"The Marshall Mathers LP 2","Eminem",2014,98
6,"Pure Heroine","Lorde",2014,97.5
7,"Crash My Party","Luke Bryan",2014,97
8,"PRISM","Katy Perry",2014,96.5
9,"Blame It All On My Roots: Five Decades Of Influences","Garth Brooks",2014,96
10,"Here's To The Good Times","Florida Georgia Line",2014,95.5
11,"In The Lonely Hour","Sam Smith",2014,95
12,"Night Visions","Imagine Dragons",2014,94.5
13,"The Outsiders","Eric Church",2014,94
14,"Ghost Stories","Coldplay",2014,93.5
15,"NOW 50","Various Artists",2014,93
16,"Just As I Am","Brantley Gilbert",2014,92.5
17,"Wrapped In Red","Kelly Clarkson",2014,92
18,"Duck The Halls: A Robertson Family Christmas","The Robertsons",2014,91.5
19,"Guardians Of The Galaxy: Awesome Mix Vol. 1","Soundtrack",2014,91
20,"Partners","Barbra Streisand",2014,90.5
21,"x","Ed Sheeran",2014,90
22,"Native","OneRepublic",2014,89.5
23,"Bangerz","Miley Cyrus",2014,89
24,"NOW 48","Various Artists ",2014,88.5
25,"Nothing Was The Same","Drake",2014,88
26,"G I R L","Pharrell Williams",2014,87.5
27,"5 Seconds Of Summer","5 Seconds Of Summer ",2014,87
28,"Old Boots, New Dirt","Jason Aldean",2014,86.5
29,"Unorthodox Jukebox","Bruno Mars",2014,86
30,"Platinum","Miranda Lambert",2014,85.5
31,"NOW 49","Various Artists",2014,85
32,"The 20/20 Experience (2 Of 2)","Justin Timberlake",2014,84.5
33,"Love In The Future","John Legend",2014,84
34,"ARTPOP","Lady Gaga",2014,83.5
35,"V","Maroon 5",2014,83
36,"Xscape","Michael Jackson",2014,82.5
37,"AM","Arctic Monkeys",2014,82
38,"Turn Blue","The Black Keys",2014,81.5
39,"Based On A True Story ...","Blake Shelton",2014,81
40,"Bad Blood","Bastille",2014,80.5
41,"Black Panties","R. Kelly",2014,80
42,"The New Classic","Iggy Azalea",2014,79.5
43,"Ultraviolence","Lana Del Rey",2014,79
44,"Mastermind","Rick Ross",2014,78.5
45,"Because The Internet"," Childish Gambino",2014,78
46,"My Everything","Ariana Grande",2014,77.5
47,"Anything Goes","Florida Georgia Line",2014,77
48,"NOW 51","Various Artists",2014,76.5
49,"Oxymoron","ScHoolboy Q",2014,76
50,"Cheek To Cheek","Tony Bennett & Lady Gaga",2014,75.5
51,"Christmas","Michael Buble",2014,75
52,"Kidz Bop 25","Kidz Bop Kids",2014,74.5
53,"She Looks So Perfect (EP)","5 Seconds Of Summer",2014,74
54,"2014 Grammy Nominees","Various Artists",2014,73.5
55,"Lazaretto","Jack White",2014,73
56,"Born To Die","Lana Del Rey",2014,72.5
57,"The Wrong Side Of Heaven...Volume 2","Five Finger Death Punch",2014,72
58,"Trigga","Trey Songz",2014,71.5
59,"A Mary Christmas","Mary J. Blige",2014,71
60,"Morning Phase","Beck",2014,70.5
61,"The Heist","Macklemore & Ryan Lewis",2014,70
62,"X","Chris Brown",2014,69.5
63,"Cole Swindell","Cole Swindell",2014,69
64,"Thrive","Casting Crowns",2014,68.5
65,"Riser","Dierks Bentley",2014,68
66,"Sail Out (EP)","Jhene Aiko",2014,67.5
67,"The Hunting Party","Linkin Park",2014,67
68,"Yours Truly","Ariana Grande",2014,66.5
69,"good kid, m.A.A.d city","Kendrick Lamar",2014,66
70,"Hypnotic Eye","Tom Petty And The Heartbreakers",2014,65.5
71,"Seen It All: The Autobiography","Jeezy",2014,65
72,"The Big Revival","Kenny Chesney",2014,64.5
73,"WOW Hits 2014","Various Artists",2014,64
74,"Britney Jean","Britney Spears",2014,63.5
75,"Shakira.","Shakira",2014,63
76,"21","Adele",2014,62.5
77,"Legend: The Best Of Bob Marley And The Wailers","Bob Marley And The Wailers",2014,62
78,"Night Train","Jason Aldean",2014,61.5
79,"Testimony","August Alsina",2014,61
80,"The Legend Of Johnny Cash","Johnny Cash",2014,60.5
81,"Save Rock And Roll","Fall Out Boy",2014,60
82,"The Fault In Our Stars","Soundtrack",2014,59.5
83,"All The Little Lights","Passenger",2014,59
84,"Formula: Vol. 2","Romeo Santos",2014,58.5
85,"Same Trailer Different Park","Kacey Musgraves",2014,58
86,"Baptized","Daughtry",2014,57.5
87,"Doo-Wops & Hooligans","Bruno Mars",2014,57
88,"Hail To The King","Avenged Sevenfold",2014,56.5
89,"Mandatory Fun","""Weird Al"" Yankovic",2014,56
90,"Love, Marriage & Divorce","Toni Braxton & Babyface",2014,55.5
91,"BRINGING BACK THE SUNSHINE","Blake Shelton",2014,55
92,"Talk Dirty","Jason Derulo",2014,54.5
93," Blacc Hollywood","Wiz Khalifa",2014,54
94,"My Krazy Life","YG",2014,53.5
95,"NOW 52","Various Artists",2014,53
96,".5: The Gray Chapter","Slipknot",2014,52.5
97,"The Truth About Love","P!nk",2014,52
98,"Anomaly","Lecrae",2014,51.5
99,"Sonic Highways","Foo Fighters ",2014,51
100,"Home For Christmas","Susan Boyle",2014,50.5
101,"High Hopes","Bruce Springsteen",2014,50
102,"Pitch Perfect","Soundtrack",2014,49.5
103,"Journey's Greatest Hits","Journey",2014,49
104,"Kidz Bop 26","Kidz Bop Kids",2014,48.5
105,"Days Of Gold","Jake Owen",2014,48
106,"Red","Taylor Swift",2014,47.5
107,"Rewind","Rascal Flatts",2014,47
108,"Fuse"," Keith Urban",2014,46.5
109,"Shatter Me","Lindsey Stirling",2014,46
110,"The Hunger Games: Catching Fire","Soundtrack",2014,45.5
111,"Lindsey Stirling","Lindsey Stirling",2014,45
112,"Tailgates & Tanlines","Luke Bryan",2014,44.5
113,"True","Avicii",2014,44
114,"NOW That's What I Call Country: Volume 7","Various Artists",2014,43.5
115,"The Endless River","Pink Floyd",2014,43
116,"I Am","Yo Gotti",2014,42.5
117,"The Breeze - An Appreciation Of JJ Cale","Eric Clapton & Friends",2014,42
118,"Random Access Memories","Daft Punk",2014,41.5
119,"PTXmas (EP)","Pentatonix",2014,41
120,"The Eminem Show","Eminem",2014,40.5
121,"The Cowboy Rides Away: Live From AT&T Stadium","George Strait ",2014,40
122,"+","Ed Sheeran",2014,39.5
123,"The Blessed Unrest","Sara Bareilles",2014,39
124,"Disney Karaoke Series: Frozen (EP)","Various Artists",2014,38.5
125,"Babel","Mumford & Sons",2014,38
126,"Storyline","Hunter Hayes",2014,37.5
127,"Sex And Love","Enrique Iglesias",2014,37
128,"Sundown Heaven Town","Tim McGraw",2014,36.5
129,"Loved Me Back To Life","Celine Dion",2014,36
130,"Blurred Lines","Robin Thicke",2014,35.5
131,"1000 Forms Of Fear","Sia",2014,35
132,"Out Among The Stars","Johnny Cash",2014,34.5
133,"747","Lady Antebellum",2014,34
134,"That Girl","Jennifer Nettles",2014,33.5
135,"Paramore","Paramore",2014,33
136,"Promise To Love: Album IV","Kem",2014,32.5
137,"Hozier","Hozier",2014,32
138,"My Own Lane","Kid Ink",2014,31.5
139,"Golden","Lady Antebellum",2014,31
140,"Reflektor","Arcade Fire",2014,30.5
141,"The 1975","The 1975",2014,30
142,"The 20/20 Experience","Justin Timberlake",2014,29.5
143,"YES!","Jason Mraz",2014,29
144,"1000hp","Godsmack",2014,28.5
145,"Welcome To The New","MercyMe",2014,28
146,"Loaded: The Best Of Blake Shelton","Blake Shelton",2014,27.5
147,"Lift Your Spirit","Aloe Blacc",2014,27
148,"Souled Out","Jhene Aiko",2014,26.5
149,"Paperwork","T.I.",2014,26
150,"Love And War","Tamar Braxton",2014,25.5
151,"The Best Of Nickelback: Volume 1","Nickelback",2014,25
152,"Man Against Machine","Garth Brooks",2014,24.5
153,"Melody Road","Neil Diamond",2014,24
154,"Hunter Hayes","Hunter Hayes",2014,23.5
155,"Honest","Future",2014,23
156,"Shine On","Sarah McLachlan",2014,22.5
157,"Rivers In The Wasteland","NEEDTOBREATHE",2014,22
158,"[Hybrid Theory]","Linkin Park",2014,21.5
159,"These Things Happen","G-Eazy",2014,21
160,"It Goes Like This","Thomas Rhett",2014,20.5
161,"Is There Anybody Out There?","A Great Big World",2014,20
162,"A Family Christmas","The Piano Guys",2014,19.5
163,"Ignite The Night","Chase Rice",2014,19
164,"Spring Break 6 ...Like We Ain't Ever (EP)","Luke Bryan",2014,18.5
165,"Halcyon","Ellie Goulding",2014,18
166,"Led Zeppelin","Led Zeppelin",2014,17.5
167,"Modern Vampires Of The City","Vampire Weekend",2014,17
168,"This Is All Yours","alt-J",2014,16.5
169,"Days Are Gone","HAIM",2014,16
170,"See You Tonight","Scotty McCreery",2014,15.5
171,"I Love You.","The Neighbourhood",2014,15
172,"Foreverly","Billie Joe + Norah",2014,14.5
173,"Title (EP)","Meghan Trainor",2014,14
174,"Ride Out","Bob Seger",2014,13.5
175,"Noel","Josh Groban",2014,13
176,"Off The Beaten Path","Justin Moore",2014,12.5
177,"Too Weird To Live, Too Rare To Die!","Panic! At The Disco",2014,12
178,"Recess","Skrillex",2014,11.5
179,"Uncaged","Zac Brown Band",2014,11
180,"Moonshine In The Trunk","Brad Paisley",2014,10.5
181,"Going To Hell","The Pretty Reckless",2014,10
182,"A Charlie Brown Christmas (Soundtrack)","Vince Guaraldi Trio",2014,9.5
183,"Inside Llewyn Davis","Soundtrack",2014,9
184,"Montevallo"," Sam Hunt",2014,8.5
185,"Danielle Bradbery","Danielle Bradbery",2014,8
186,"The Wrong Side Of Heaven And The Righteous Side Of Hell: Volume 1","Five Finger Death Punch",2014,7.5
187,"Animal Ambition: An Untamed Desire To Win","50 Cent",2014,7
188,"1","The Beatles",2014,6.5
189,"Supermodel","Foster The People",2014,6
190,"Don't Kill The Magic","MAGIC!",2014,5.5
191,"Led Zeppelin II","Led Zeppelin",2014,5
192,"The Lumineers","The Lumineers",2014,4.5
193,"Red River Blue","Blake Shelton",2014,4
194,"Lightning Bolt","Pearl Jam",2014,3.5
195,"True Believers","Darius Rucker",2014,3
196,"La Gargola","Chevelle",2014,2.5
197,"The Sound Of Music: Music From The NBC Television Event","Soundtrack",2014,2
198,"God's Not Dead","newsboys",2014,1.5
199,"Lights Out","Ingrid Michaelson",2014,1
200,"The Dark Side Of The Moon","Pink Floyd",2014,0.5
1,"1989","Taylor Swift",2015,100
2,"x","Ed Sheeran",2015,99.5
3,"In The Lonely Hour","Sam Smith",2015,99
4,"If You're Reading This It's Too Late","Drake",2015,98.5
5,"Title","Meghan Trainor",2015,98
6,"V","Maroon 5",2015,97.5
7,"The Pinkprint","Nicki Minaj",2015,97
8,"2014 Forest Hills Drive","J. Cole",2015,96.5
9,"Fifty Shades Of Grey","Soundtrack",2015,96
10,"FOUR","One Direction",2015,95.5
11,"Montevallo","Sam Hunt",2015,95
12,"Hozier","Hozier",2015,94.5
13,"Beauty Behind The Madness","The Weeknd",2015,94
14,"That's Christmas To Me","Pentatonix",2015,93.5
15,"American Beauty / American Psycho","Fall Out Boy",2015,93
16,"To Pimp A Butterfly","Kendrick Lamar",2015,92.5
17,"My Everything","Ariana Grande",2015,92
18,"Kill The Lights","Luke Bryan",2015,91.5
19,"Furious 7","Soundtrack",2015,91
20,"Dreams Worth More Than Money","Meek Mill",2015,90.5
21,"Guardians Of The Galaxy: Awesome Mix Vol. 1","Soundtrack",2015,90
22,"Dark Sky Paradise","Big Sean",2015,89.5
23,"Anything Goes","Florida Georgia Line",2015,89
24,"JEKYLL + HYDE","Zac Brown Band",2015,88.5
25,"Old Boots, New Dirt","Jason Aldean",2015,88
26,"What A Time To Be Alive","Drake & Future",2015,87.5
27,"Uptown Special.","Mark Ronson",2015,87
28,"Greatest Hits: Decade #1","Carrie Underwood",2015,86.5
29,"Smoke + Mirrors","Imagine Dragons",2015,86
30,"Frozen","Soundtrack",2015,85.5
31,"Blurryface","twenty one pilots ",2015,85
32,"TALKING IS HARD","WALK THE MOON",2015,84.5
33,"Wilder Mind","Mumford & Sons",2015,84
34,"Handwritten","Shawn Mendes",2015,83.5
35,"The Outsiders","Eric Church",2015,83
36,"Crash My Party","Luke Bryan",2015,82.5
37,"Empire: Original Soundtrack From Season 1","Soundtrack",2015,82
38,"Pain Killer","Little Big Town",2015,81.5
39,"SremmLife","Rae Sremmurd",2015,81
40,"1000 Forms Of Fear","Sia",2015,80.5
41,"Nick Jonas","Nick Jonas",2015,80
42,"DS2","Future",2015,79.5
43,"Globalization","Pitbull",2015,79
44,"Stages","Josh Groban",2015,78.5
45,"Compton","Dr. Dre",2015,78
46,"Rock Or Bust","AC/DC",2015,77.5
47,"Night Visions","Imagine Dragons",2015,77
48,"Reflection","Fifth Harmony",2015,76.5
49,"Queen Of The Clouds","Tove Lo",2015,76
50,"Man Against Machine","Garth Brooks",2015,75.5
51,"NOW 53","Various Artists",2015,75
52,"Pitch Perfect 2","Soundtrack",2015,74.5
53,"Listen","David Guetta",2015,74
54,"BRINGING BACK THE SUNSHINE","Blake Shelton",2015,73.5
55,"Just As I Am","Brantley Gilbert",2015,73
56,"AT.LONG.LAST.A$AP","A$AP Rocky",2015,72.5
57,"Beyonce","Beyonce",2015,72
58,"Native","OneRepublic",2015,71.5
59,"+","Ed Sheeran",2015,71
60,"Fetty Wap","Fetty Wap",2015,70.5
61,"Here's To The Good Times"," Florida Georgia Line",2015,70
62,"Born To Die","Lana Del Rey",2015,69.5
63,"Greatest Hits So Far...","Zac Brown Band",2015,69
64,"Skrillex And Diplo Present Jack U","Skrillex & Diplo",2015,68.5
65,"Magazines Or Novels","Andy Grammer",2015,68
66,"Dream Your Life Away","Vance Joy",2015,67.5
67,"NOW 52","Various Artists",2015,67
68,"Traveller","Chris Stapleton",2015,66.5
69,"Nothing Was The Same","Drake",2015,66
70,"Legend: The Best Of Bob Marley And The Wailers","Bob Marley And The Wailers",2015,65.5
71,"Greatest Hits","Fleetwood Mac",2015,65
72,"good kid, m.A.A.d city","Kendrick Lamar",2015,64.5
73,"5 Seconds Of Summer ","5 Seconds Of Summer",2015,64
74,"21","Adele",2015,63.5
75,"Motion","Calvin Harris",2015,63
76,"Platinum","Miranda Lambert ",2015,62.5
77,"Christmas","Michael Buble",2015,62
78,"Journey's Greatest Hits","Journey",2015,61.5
79,"AM","Arctic Monkeys",2015,61
80,"First Kiss","Kid Rock",2015,60.5
81,"Dark Before Dawn","Breaking Benjamin",2015,60
82,"Cole Swindell","Cole Swindell",2015,59.5
83,"PRISM","Katy Perry",2015,59
84,"The Big Revival","Kenny Chesney",2015,58.5
85,"X"," Chris Brown",2015,58
86,"How Big How Blue How Beautiful","Florence + The Machine",2015,57.5
87,"Peace Is The Mission","Major Lazer",2015,57
88,"Spring Break... Checkin' Out","Luke Bryan",2015,56.5
89,"These Things Happen","G-Eazy",2015,56
90,"Trigga","Trey Songz",2015,55.5
91,"Save Rock And Roll","Fall Out Boy",2015,55
92,"Sound & Color","Alabama Shakes",2015,54.5
93,"No Fixed Address","Nickelback",2015,54
94,"Doo-Wops & Hooligans","Bruno Mars",2015,53.5
95,"Ignite The Night","Chase Rice",2015,53
96,"The Marshall Mathers LP 2","Eminem",2015,52.5
97,"Trilogy","The Weeknd",2015,52
98,"Badlands","Halsey",2015,51.5
99,"The Eminem Show","Eminem",2015,51
100,"Holiday Wishes","Idina Menzel",2015,50.5
101,"Partners","Barbra Streisand",2015,50
102,"Take Care","Drake",2015,49.5
103,"Wanted On Voyage"," George Ezra",2015,49
104,"ShadyXV","Various Artists",2015,48.5
105,"Piece By Piece","Kelly Clarkson",2015,48
106,"Blacc Hollywood","Wiz Khalifa",2015,47.5
107,"Curtain Call: The Hits","Eminem",2015,47
108,"Storyteller","Carrie Underwood",2015,46.5
109,"My House (EP)","Flo Rida",2015,46
110,"Kidz Bop 27","Kidz Bop Kids",2015,45.5
111,"Red","Taylor Swift",2015,45
112,"Fight Song (EP)","Rachel Platten",2015,44.5
113,"NOW 55","Various Artists",2015,44
114,"Back In Black","AC/DC",2015,43.5
115,"Before This World","James Taylor",2015,43
116,"NOW 54","Various Artists",2015,42.5
117,"Reclassified","Iggy Azalea",2015,42
118,"Black Messiah","D'Angelo And The Vanguard",2015,41.5
119,"Vessel","twenty one pilots",2015,41
120,"2015 Grammy Nominees","Various Artists",2015,40.5
121,"Love Stuff","Elle King",2015,40
122,"The Hunger Games: Mockingjay, Part I","Soundtrack",2015,39.5
123,"Because The Internet","Childish Gambino",2015,39
124,"Talking Dreams","Echosmith",2015,38.5
125,"Cheek To Cheek","Tony Bennett & Lady Gaga",2015,38
126,"Sonic Highways (Soundtrack)","Foo Fighters",2015,37.5
127,"The Album About Nothing","Wale",2015,37
128,"Sundown Heaven Town","Tim McGraw",2015,36.5
129,"Unorthodox Jukebox","Bruno Mars",2015,36
130,"Pure Heroine","Lorde",2015,35.5
131,"Black Rose","Tyrese ",2015,35
132,"Unbreakable Smile","Tori Kelly",2015,34.5
133,"Got Your Six","Five Finger Death Punch",2015,34
134,"Into The Woods","Soundtrack",2015,33.5
135,"Everything Is 4","Jason Derulo",2015,33
136,"Sounds Good Feels Good","5 Seconds Of Summer",2015,32.5
137,"Revival","Selena Gomez",2015,32
138,"Frozen: The Songs","Soundtrack",2015,31.5
139,"VHS","X Ambassadors",2015,31
140,"Non-Fiction","Ne-Yo",2015,30.5
141,"Tangled Up","Thomas Rhett",2015,30
142,"For You","Selena Gomez",2015,29.5
143,"Based On A True Story ...","Blake Shelton",2015,29
144,"Fan Of A Fan: The Album","Chris Brown & Tyga",2015,28.5
145,"Sweet Talker","Jessie J",2015,28
146,"Greatest Hits","Foo Fighters",2015,27.5
147,"Anybody Wanna Buy A Heart?","K. Michelle",2015,27
148,"Greatest Hits","2Pac",2015,26.5
149,"Talk Dirty","Jason Derulo",2015,26
150,"Annie","Soundtrack",2015,25.5
151,"Rebel Heart","Madonna",2015,25
152,"The Endless River","Pink Floyd",2015,24.5
153,"Descendants","Soundtrack",2015,24
154,"Rodeo","Travis Scott",2015,23.5
155,"Greatest Hits","Guns N' Roses",2015,23
156,"The Wrong Side Of Heaven And The Righteous Side Of Hell: Volume 1","Five Finger Death Punch",2015,22.5
157,"I Dont Dance","Lee Brice",2015,22
158,"Immortalized","Disturbed",2015,21.5
159,"Unbreakable","Janet",2015,21
160,"Riser","Dierks Bentley",2015,20.5
161,"Love In The Future","John Legend",2015,20
162,"Tailgates & Tanlines","Luke Bryan",2015,19.5
164,"The London Sessions","Mary J. Blige",2015,18.5
165,"Honeymoon"," Lana Del Rey",2015,18
166,"Teenage Dream","Katy Perry",2015,17.5
167,"Chaos And The Calm","James Bay",2015,17
168,"Thrive","Casting Crowns",2015,16.5
169,"Title (EP)","Meghan Trainor",2015,16
170,"Kidz Bop 28","Kidz Bop Kids",2015,15.5
171,"Greatest Hits: We Will Rock You","Queen",2015,15
172,"Drones","Muse",2015,14.5
173,"Wildheart","Miguel",2015,14
174,"The Essential Michael Jackson","Michael Jackson",2015,13.5
175,"Recovery","Eminem",2015,13
176,"LIVESOS","5 Seconds Of Summer",2015,12.5
177,"Midnight Memories"," One Direction",2015,12
178,"Cold Beer Conversation","George Strait",2015,11.5
179,"Cass County","Don Henley",2015,11
180,"Sadnecessary","Milky Chance",2015,10.5
181,"Pageant Material","Kacey Musgraves",2015,10
182,"Master Of Puppets","Metallica",2015,9.5
183,"The Dark Side Of The Moon","Pink Floyd",2015,9
184,"Ultraviolence","Lana Del Rey",2015,8.5
185,"The Cowboy Rides Away: Live From AT&T Stadium","George Strait",2015,8
186," Straight Outta Compton","N.W.A",2015,7.5
187,"It's The Girls!","Bette Midler",2015,7
188,"Full Speed","Kid Ink",2015,6.5
189,"Southern Style","Darius Rucker",2015,6
190,"Pentatonix","Pentatonix",2015,5.5
191,"747","Lady Antebellum",2015,5
192,"Special Effects","Tech N9ne",2015,4.5
193,"Love Somebody","Reba",2015,4
194,"PTXmas (EP)","Pentatonix",2015,3.5
195,"The Documentary 2","The Game",2015,3
196,"Luca Brasi 2: A Gangsta Grillz Special Edition","Kevin Gates",2015,2.5
197,"Hood Billionaire","Rick Ross",2015,2
198,"How Can It Be","Lauren Daigle",2015,1.5
199,"True Colors","Zedd",2015,1
200,"GO:OD AM","Mac Miller",2015,0.5
1,"25","Adele",2016,100
2,"Views","Drake",2016,99.5
3,"Purpose","Justin Bieber",2016,99
4,"Lemonade","Beyonce",2016,98.5
5,"ANTI","Rihanna",2016,98
6,"Blurryface","twenty one pilots",2016,97.5
7,"Traveller","Chris Stapleton",2016,97
8,"Made In The A.M.","One Direction",2016,96.5
9,"Beauty Behind The Madness","The Weeknd",2016,96
10,"Hamilton: An American Musical","Original Broadway Cast",2016,95.5
11,"T R A P S O U L","Bryson Tiller",2016,95
12,"When It's Dark Out","G-Eazy",2016,94.5
13,"A Head Full Of Dreams","Coldplay",2016,94
14,"The Very Best Of Prince","Prince",2016,93.5
15,"Fetty Wap","Fetty Wap",2016,93
16,"Islah","Kevin Gates",2016,92.5
17,"1989","Taylor Swift",2016,92
18,"Revival","Selena Gomez",2016,91.5
19,"Montevallo","Sam Hunt",2016,91
20,"Suicide Squad: The Album","Soundtrack",2016,90.5
21,"Tangled Up","Thomas Rhett",2016,90
22,"This Is Acting","Sia",2016,89.5
23,"Death Of A Bachelor","Panic! At The Disco",2016,89
24,"21","Adele",2016,88.5
25,"What A Time To Be Alive","Drake & Future",2016,88
26,"Dangerous Woman","Ariana Grande",2016,87.5
27,"The Life Of Pablo","Kanye West",2016,87
28,"DS2","Future",2016,86.5
29,"Kill The Lights","Luke Bryan",2016,86
30,"2014 Forest Hills Drive","J. Cole",2016,85.5
31,"That's Christmas To Me","Pentatonix",2016,85
32,"EVOL","Future",2016,84.5
33,"Handwritten","Shawn Mendes",2016,84
34,"Badlands","Halsey",2016,83.5
35,"If You're Reading This It's Too Late","Drake",2016,83
36,"Storyteller","Carrie Underwood",2016,82.5
37,"x","Ed Sheeran",2016,82
38,"Vessel","twenty one pilots",2016,81.5
39,"Royalty","Chris Brown",2016,81
40,"Title","Meghan Trainor",2016,80.5
41,"If I'm Honest","Blake Shelton",2016,80
42,"Know-It-All","Alessia Cara",2016,79.5
43,"Nine Track Mind","Charlie Puth",2016,79
44,"Cry Baby","Melanie Martinez",2016,78.5
45,"Thank You","Meghan Trainor",2016,78
46,"Immortalized","Disturbed",2016,77.5
47,"Reloaded: 20 #1 Hits","Blake Shelton",2016,77
48,"Blonde","Frank Ocean",2016,76.5
49,"My House (EP)","Flo Rida",2016,76
50,"Mr. Misunderstood","Eric Church",2016,75.5
51,"Ripcord","Keith Urban",2016,75
52,"Cleopatra","The Lumineers",2016,74.5
53,"Blue Neighbourhood","Troye Sivan",2016,74
54,"Hymns","Joey + Rory",2016,73.5
55,"Purple Rain (Soundtrack)","Prince And The Revolution",2016,73
56,"Mind Of Mine","Zayn",2016,72.5
57,"In The Lonely Hour","Sam Smith",2016,72
58,"Take Care","Drake",2016,71.5
59," Chaos And The Calm","James Bay",2016,71
60,"Lukas Graham","Lukas Graham",2016,70.5
61,"To Pimp A Butterfly","Kendrick Lamar",2016,70
62,"How Can It Be","Lauren Daigle",2016,69.5
63,"The Incredible True Story","Logic",2016,69
64,"Blackstar","David Bowie",2016,68.5
65,"Late Nights: The Album","Jeremih",2016,68
66,"1","The Beatles",2016,67.5
67,"I'm Comin' Over","Chris Young",2016,67
68,"Nothing Was The Same","Drake",2016,66.5
69,"California","Blink-182",2016,66
70,"VHS","X Ambassadors",2016,65.5
71,"These Things Happen","G-Eazy",2016,65
72,"Coloring Book","Chance The Rapper",2016,64.5
73,"A Moon Shaped Pool","Radiohead",2016,64
74,"good kid, m.A.A.d city","Kendrick Lamar",2016,63.5
75,"Bouquet (EP)","The Chainsmokers",2016,63
76,"Major Key","DJ Khaled",2016,62.5
77,"The Getaway"," Red Hot Chili Peppers",2016,62
78,"American Beauty / American Psycho","Fall Out Boy",2016,61.5
79,"Dig Your Roots","Florida Georgia Line",2016,61
80,"7/27","Fifth Harmony",2016,60.5
81,"Legend: The Best Of Bob Marley And The Wailers","Bob Marley And The Wailers",2016,60
82,"untitled unmastered.","Kendrick Lamar",2016,59.5
83,"Swaay (EP)","DNCE",2016,59
84,"The Eminem Show","Eminem",2016,58.5
85,"Hozier","Hozier",2016,58
86,"Best Of Bowie","David Bowie",2016,57.5
87,"Meat And Candy","Old Dominion",2016,57
88,"Journey's Greatest Hits","Journey",2016,56.5
89,"Delirium","Ellie Goulding",2016,56
90,"Black","Dierks Bentley",2016,55.5
91,"Love Stuff","Elle King",2016,55
92,"Metallica","Metallica",2016,54.5
93,"NOW 57","Various Artists",2016,54
94,"The Pinkprint","Nicki Minaj",2016,53.5
95,"Damn Country Music","Tim McGraw",2016,53
96,"You Should Be Here","Cole Swindell",2016,52.5
97,"Beyonce","Beyonce",2016,52
98,"Greatest Hits: Decade #1","Carrie Underwood",2016,51.5
99,"I Like It When You Sleep, For You Are So Beautiful Yet So Unaware Of It","The 1975",2016,51
100,"Confident","Demi Lovato",2016,50.5
101,"Wildfire","Rachel Platten",2016,50
102,"Birds In The Trap Sing McKnight","Travis Scott",2016,49.5
103,"Pentatonix","Pentatonix",2016,49
104,"NOW 56","Various Artists",2016,48.5
105,"Dark Sky Paradise","Big Sean",2016,48
106,"SremmLife","Rae Sremmurd",2016,47.5
107,"Greatest Hits I II & III: The Platinum Collection","Queen",2016,47
108,"Joanne","Lady Gaga",2016,46.5
109,"Night Visions","Imagine Dragons",2016,46
110,"Curtain Call: The Hits","Eminem",2016,45.5
111,"Anything Goes","Florida Georgia Line",2016,45
112,"JEKYLL + HYDE","Zac Brown Band",2016,44.5
113,"V","Maroon 5",2016,44
114,"They Don't Know","Jason Aldean",2016,43.5
115,"Crash My Party","Luke Bryan",2016,43
116,"Born To Die","Lana Del Rey",2016,42.5
117,"The First Time","Kelsea Ballerini",2016,42
118,"Skin","Flume",2016,41.5
119,"Daya (EP)","Daya",2016,41
120,"Peace Is The Mission","Major Lazer",2016,40.5
121,"Greatest Hits","2Pac",2016,40
122,"Trilogy","The Weeknd",2016,39.5
123,"Greatest Hits So Far...","Zac Brown Band",2016,39
124,"Here's To The Good Times","Florida Georgia Line",2016,38.5
125,"Christmas","Michael Buble",2016,38
126,"19","Adele",2016,37.5
127,"Encore: Movie Partners Sing Broadway","Barbra Streisand",2016,37
128,"Illuminate","Shawn Mendes",2016,36.5
129,"1000 Forms Of Fear","Sia",2016,36
130,"The Art Of Hustle","Yo Gotti",2016,35.5
131,"Rodeo","Travis Scott",2016,35
132,"Nathaniel Rateliff & The Night Sweats","Nathaniel Rateliff & The Night Sweats",2016,34.5
133,"Greatest Hits","Guns N' Roses",2016,34
134,"Blank Face LP","ScHoolboy Q",2016,33.5
135,"Free TC","Ty Dolla $ign",2016,33
136,"Low Kii Savage (EP)","Kiiara",2016,32.5
137,"The Marshall Mathers LP 2","Eminem",2016,32
138,"Encore","DJ Snake",2016,31.5
139,"us (EP)","gnash",2016,31
140,"Got Your Six","Five Finger Death Punch",2016,30.5
141,"Epic AF","Various Artists",2016,30
142,"AT.LONG.LAST.A$AP","A$AP Rocky",2016,29.5
143,"Star Wars: The Force Awakens","Soundtrack",2016,29
144,"Everybody Looking","Gucci Mane",2016,28.5
145,"Hero","Maren Morris",2016,28
146,"Their Greatest Hits 1971-1975","Eagles",2016,27.5
147,"Doo-Wops & Hooligans","Bruno Mars",2016,27
148,"Recovery","Eminem",2016,26.5
149,"NOW 59","Various Artists",2016,26
150,"This Is What The Truth Feels Like","Gwen Stefani",2016,25.5
151,"Sremmlife 2","Rae Sremmurd",2016,25
152,"Last Year Was Complicated","Nick Jonas",2016,24.5
153,"Born Sinner","J. Cole",2016,24
154,"I Am...Sasha Fierce","Beyonce",2016,23.5
155,"The Very Best Of The Eagles","Eagles",2016,23
156,"Chronicle (The 20 Greatest Hits)","Creedence Clearwater Revival",2016,22.5
157,"Graduation","Kanye West",2016,22
158,"Church In These Streets","Jeezy",2016,21.5
159,"The Hits/The B-Sides","Prince",2016,21
160,"Back In Black","AC/DC",2016,20.5
161,"Nevermind","Nirvana",2016,20
162,"Bobby Tarantino","Logic",2016,19.5
163,"At Night, Alone.","Mike Posner",2016,19
164,"I Told You","Tory Lanez",2016,18.5
165,"Greatest Hits","Red Hot Chili Peppers",2016,18
166,"The Intro (EP)","Ruth B",2016,17.5
167,"Untamed","Cam",2016,17
168,"Lil Uzi Vert Vs. The World","Lil Uzi Vert",2016,16.5
169,"Sound & Color","Alabama Shakes",2016,16
170,"NOW 58","Various Artists",2016,15.5
171,"Too Weird To Live, Too Rare To Die!","Panic! At The Disco",2016,15
172,"Glory","Britney Spears",2016,14.5
173,"Greatest Hits","Fleetwood Mac",2016,14
174,"ColleGrove","2 Chainz",2016,13.5
175,"Kidz Bop 31","Kidz Bop Kids",2016,13
176,"Professional Rapper","Lil Dicky",2016,12.5
177,"The Truth (EP)","Mike Posner",2016,12
178,"Thriller","Michael Jackson",2016,11.5
179,"Black Market","Rick Ross",2016,11
180,"A Seat At The Table","Solange",2016,10.5
181,"Illinois","Brett Eldredge",2016,10
182,"Still Brazy","YG",2016,9.5
183,"Kidz Bop 30","Kidz Bop Kids",2016,9
184,"Greatest Hits 1970-2002","Elton John",2016,8.5
185,"Savage Mode","21 Savage & Metro Boomin",2016,8
186,"My Beautiful Dark Twisted Fantasy","Kanye West",2016,7.5
187,"PARTYNEXTDOOR 3 (P3)","PARTYNEXTDOOR",2016,7
188,"OWSLA World Wide Broadcast","Various Artists",2016,6.5
189,"A Pentatonix Christmas","Pentatonix",2016,6
190,"2016 Grammy Nominees","Various Artists",2016,5.5
191,"Dark Sky Island","Enya",2016,5
192,"Sounds Good Feels Good","5 Seconds Of Summer",2016,4.5
193,"Under Pressure","Logic",2016,4
194,"Unleashed","Skillet",2016,3.5
195,"Revolution Radio","Green Day",2016,3
196,"Letters From The Labyrinth","Trans-Siberian Orchestra",2016,2.5
197,"California Sunrise"," Jon Pardi",2016,2
198,"Stages","Josh Groban",2016,1.5
199,"BLACKsummers'night","Maxwell",2016,1
200,"1999","Prince",2016,0.5
1,"DAMN.","Kendrick Lamar",2017,100
2,"24K Magic","Bruno Mars",2017,99.5
3,"Starboy","The Weeknd",2017,99
4," (Divide)","Ed Sheeran",2017,98.5
5,"More Life","Drake",2017,98
6,"Moana","Soundtrack",2017,97.5
7,"Stoney","Post Malone",2017,97
8,"Culture","Migos",2017,96.5
9,"Hamilton: An American Musical","Original Broadway Cast",2017,96
10,"4 Your Eyez Only","J. Cole",2017,95.5
11,"Trolls","Soundtrack",2017,95
12,"Hardwired...To Self-Destruct","Metallica",2017,94.5
13,"Views","Drake",2017,94
14,"American Teen","Khalid",2017,93.5
15,"FUTURE","Future",2017,93
16,"A Pentatonix Christmas","Pentatonix",2017,92.5
17,"Blurryface","twenty one pilots",2017,92
18,"Birds In The Trap Sing McKnight","Travis Scott",2017,91.5
19,"Traveller","Chris Stapleton",2017,91
20,"I Decided.","Big Sean",2017,90.5
21,"Memories...Do Not Open","The Chainsmokers",2017,90
22,"Illuminate","Shawn Mendes",2017,89.5
23,"ANTI","Rihanna",2017,89
24,"Evolve","Imagine Dragons",2017,88.5
25,"Everybody","Logic",2017,88
26,"25","Adele",2017,87.5
27,"Ripcord","Keith Urban",2017,87
28,"From A Room: Volume 1","Chris Stapleton",2017,86.5
29,"Sremmlife 2","Rae Sremmurd",2017,86
30,"Collage (EP)","The Chainsmokers",2017,85.5
31,"Grateful","DJ Khaled",2017,85
32,"""Awaken, My Love!""","Childish Gambino",2017,84.5
33,"Coloring Book","Chance The Rapper",2017,84
34,"Suicide Squad: The Album","Soundtrack",2017,83.5
35,"Joanne","Lady Gaga",2017,83
36,"4:44","JAY-Z",2017,82.5
37,"HNDRXX","Future",2017,82
38,"Dangerous Woman","Ariana Grande",2017,81.5
39,"Harry Styles","Harry Styles",2017,81
40,"Dig Your Roots","Florida Georgia Line",2017,80.5
41,"Luv Is Rage 2","Lil Uzi Vert",2017,80
42," Ctrl","SZA",2017,79.5
43,"Guardians Of The Galaxy, Vol. 2: Awesome Mix Vol. 2","Soundtrack",2017,79
44,"The Weight Of These Wings","Miranda Lambert",2017,78.5
45,"Beauty And The Beast (2017)","Soundtrack",2017,78
46,"Beautiful Trauma","P!nk",2017,77.5
47,"Beauty Behind The Madness","The Weeknd",2017,77
48,"Painting Pictures","Kodak Black",2017,76.5
49,"Death Of A Bachelor","Panic! At The Disco",2017,76
50,"x","Ed Sheeran",2017,75.5
51,"Kane Brown","Kane Brown",2017,75
52,"Pretty Girls Like Trap Music","2 Chainz",2017,74.5
53,"La La Land","Soundtrack",2017,74
54,"Montevallo","Sam Hunt",2017,73.5
55,"Issa Album","21 Savage",2017,73
56,"T R A P S O U L","Bryson Tiller",2017,72.5
57,"2014 Forest Hills Drive","J. Cole",2017,72
58,"Savage Mode","21 Savage & Metro Boomin",2017,71.5
59,"Tangled Up","Thomas Rhett",2017,71
60,"good kid, m.A.A.d city","Kendrick Lamar",2017,70.5
61,"hopeless fountain kingdom","Halsey",2017,70
62,"Playboi Carti","Playboi Carti",2017,69.5
63,"Take Care","Drake",2017,69
64,"The Life Of Pablo","Kanye West",2017,68.5
65,"Sing","Soundtrack",2017,68
66,"Back From The Edge","James Arthur",2017,67.5
67,"Lil Uzi Vert Vs. The World","Lil Uzi Vert",2017,67
68,"Purpose","Justin Bieber",2017,66.5
69,"Fifty Shades Darker","Soundtrack",2017,66
70,"Brett Young","Brett Young",2017,65.5
71,"Lemonade","Beyonce",2017,65
72,"California Sunrise","Jon Pardi",2017,64.5
73,"Legend: The Best Of Bob Marley And The Wailers","Bob Marley And The Wailers",2017,64
74,"Vessel"," twenty one pilots",2017,63.5
75,"The Eminem Show","Eminem",2017,63
76,"Curtain Call: The Hits","Eminem",2017,62.5
77,"Cleopatra"," The Lumineers",2017,62
78,"Greatest Hits","2Pac",2017,61.5
79,"Badlands","Halsey",2017,61
80,"17","XXXTENTACION",2017,60.5
81,"There's Really A Wolf","Russ",2017,60
82,"This Is Acting","Sia",2017,59.5
83,"FREE 6LACK","6LACK",2017,59
84,"They Don't Know","Jason Aldean",2017,58.5
85,"Islah","Kevin Gates",2017,58
86,"If You're Reading This It's Too Late","Drake",2017,57.5
87,"Cry Baby","Melanie Martinez",2017,57
88,"Doo-Wops & Hooligans","Bruno Mars",2017,56.5
89,"Kill The Lights","Luke Bryan",2017,56
90,"One More Light","Linkin Park",2017,55.5
91,"Witness","Katy Perry",2017,55
92,"Journey's Greatest Hits","Journey",2017,54.5
93,"Funk Wav Bounces Vol. 1","Calvin Harris",2017,54
94,"We Got It From Here...Thank You 4 Your Service","A Tribe Called Quest",2017,53.5
95,"Metallica","Metallica",2017,53
96,"True To Self","Bryson Tiller",2017,52.5
97,"DS2","Future",2017,52
98,"That's Christmas To Me","Pentatonix",2017,51.5
99,"In The Lonely Hour","Sam Smith",2017,51
100,"The Hamilton Mixtape","Various Artists",2017,50.5
101,"1989","Taylor Swift",2017,50
102,"Blonde","Frank Ocean",2017,49.5
103,"Wins And Losses","Meek Mill",2017,49
104,"The Fate Of The Furious: The Album","Soundtrack",2017,48.5
105,"Nothing Was The Same","Drake",2017,48
106,"Hero","Maren Morris",2017,47.5
107,"21","Adele",2017,47
108,"The Human Condition","Jon Bellion",2017,46.5
109,"This One's For You","Luke Combs",2017,46
110,"The Perfect LUV Tape","Lil Uzi Vert",2017,45.5
111,"Blue & Lonesome","The Rolling Stones",2017,45
112,"Know-It-All","Alessia Cara",2017,44.5
113,"Night Visions","Imagine Dragons",2017,44
114,"Melodrama","Lorde",2017,43.5
115,"Rainbow","Kesha",2017,43
116,"Greatest Hits","Tom Petty And The Heartbreakers",2017,42.5
117,"Artist","A Boogie Wit da Hoodie",2017,42
118,"Project Baby Two","Kodak Black",2017,41.5
119,"Welcome Home","Zac Brown Band",2017,41
120,"When It's Dark Out","G-Eazy",2017,40.5
121,"The Devil Dont Sleep","Brantley Gilbert",2017,40
122,"GTTM: Goin Thru The Motions"," PnB Rock",2017,39.5
123,"Life Changes","Thomas Rhett",2017,39
124,"Rather You Than Me","Rick Ross",2017,38.5
125,"Guardians Of The Galaxy: Awesome Mix Vol. 1","Soundtrack",2017,38
126,"The Essential Michael Jackson","Michael Jackson",2017,37.5
127,"Greatest Hits So Far...","Zac Brown Band",2017,37
128," digital druglord","blackbear",2017,36.5
129,"If I'm Honest","Blake Shelton",2017,36
130,"Jungle Rules","French Montana",2017,35.5
131,"NAV","NAV",2017,35
132,"Live In No Shoes Nation","Kenny Chesney",2017,34.5
133,"Chronicle The 20 Greatest Hits","Creedence Clearwater Revival Featuring John Fogerty",2017,34
134,"Mr. Misunderstood","Eric Church",2017,33.5
135,"Greatest Hits I II & III: The Platinum Collection","Queen",2017,33
136,"Flower Boy","Tyler, The Creator",2017,32.5
137,"The Search For Everything","John Mayer",2017,32
138,"Abbey Road","The Beatles",2017,31.5
139,"Humanz","Gorillaz",2017,31
140," Greatest Hits","Guns N' Roses",2017,30.5
141,"Sgt. Pepper's Lonely Hearts Club Band","The Beatles",2017,30
142,"Lust For Life","Lana Del Rey",2017,29.5
143,"Born To Die","Lana Del Rey",2017,29
144,"SweetSexySavage","Kehlani",2017,28.5
145,"The Return Of East Atlanta Santa","Gucci Mane",2017,28
146,"Christmas","Michael Buble",2017,27.5
147,"The Ultimate Collection","Garth Brooks",2017,27
148,"Unorthodox Jukebox","Bruno Mars",2017,26.5
149,"1","The Beatles",2017,26
150,"Nine Track Mind","Charlie Puth",2017,25.5
151,"Reloaded: 20 #1 Hits","Blake Shelton",2017,25
152,"EPIC AF (Yellow/Pink)","Various Artists",2017,24.5
153,"The Thrill Of It All","Sam Smith",2017,24
154,"Trilogy","The Weeknd",2017,23.5
155,"Rumours","Fleetwood Mac",2017,23
156,"You Should Be Here","Cole Swindell",2017,22.5
157,"The Fame","Lady Gaga",2017,22
158," 4Ever","Prince",2017,21.5
159,"The RCA-List, Vol 4","Various Artists",2017,21
160,"Black","Dierks Bentley",2017,20.5
161,"BEAUTIFUL THUGGER GIRLS","Young Thug",2017,20
162,"Woodstock","Portugal. The Man",2017,19.5
163,"My Moment","Tee Grizzley",2017,19
164,"How Can It Be","Lauren Daigle",2017,18.5
165,"Greatest Hits","Red Hot Chili Peppers",2017,18
166,"NOW 61","Various Artists",2017,17.5
167,"Tremaine The Album","Trey Songz",2017,17
168,"Recovery","Eminem",2017,16.5
169,"Greatest Hits","The Notorious B.I.G.",2017,16
170,"Tell Me You Love Me","Demi Lovato",2017,15.5
171,"The Bigger Artist","A Boogie Wit da Hoodie",2017,15
172,"Encore","DJ Snake",2017,14.5
173,"Crash My Party","Luke Bryan",2017,14
174,"What A Time To Be Alive","Drake & Future",2017,13.5
175,"Descendants 2","Soundtrack",2017,13
176,"Handwritten","Shawn Mendes",2017,12.5
177,"Concrete And Gold","Foo Fighters",2017,12
178,"[Hybrid Theory]","Linkin Park",2017,11.5
179,"Flicker","Niall Horan",2017,11
180,"Here's To The Good Times","Florida Georgia Line",2017,10.5
181,"To Pimp A Butterfly","Kendrick Lamar",2017,10
182,"Fetty Wap","Fetty Wap",2017,9.5
183,"Nevermind","Nirvana",2017,9
184,"Perfect Timing","NAV And Metro Boomin",2017,8.5
185,"Christmas Together","Garth Brooks & Trisha Yearwood",2017,8
186,"The First Time","Kelsea Ballerini",2017,7.5
187,"Big Baby D.R.A.M.","D.R.A.M.",2017,7
188,"Now","Shania Twain",2017,6.5
189,"Darkness And Light","John Legend",2017,6
190,"Hozier","Hozier ",2017,5.5
191,"NOW 62","Various Artists",2017,5
192,"The RCA-List, Vol. 2","Various Artists",2017,4.5
193,"Long Live Nut","YFN Lucci",2017,4
194,"Epic Lit (Version 2)","Various Artists",2017,3.5
195,"+","Ed Sheeran",2017,3
196,"Sing It Now: Songs Of Faith & Hope","Reba McEntire",2017,2.5
197,"Beyonce","Beyonce",2017,2
198,"The Ultimate Hits","Garth Brooks",2017,1.5
199,"The Breaker","Little Big Town",2017,1
200,"Heart Break","Lady Antebellum",2017,0.5
1,"reputation","Taylor Swift",2018,100
2,"Scorpion","Drake",2018,99.5
3,"beerbongs & bentleys","Post Malone",2018,99
4,"The Greatest Showman","Soundtrack",2018,98.5
5," (Divide)","Ed Sheeran",2018,98
6,"Invasion Of Privacy","Cardi B",2018,97.5
7,"ASTROWORLD","Travis Scott",2018,97
8,"Stoney","Post Malone",2018,96.5
9,"?","XXXTENTACION",2018,96
10,"Culture II","Migos",2018,95.5
11,"Evolve","Imagine Dragons",2018,95
12,"Black Panther: The Album, Music From And Inspired By ","Soundtrack",2018,94.5
13,"DAMN.","Kendrick Lamar",2018,94
14,"KOD","J. Cole",2018,93.5
15,"American Teen","Khalid ",2018,93
16,"Luv Is Rage 2","Lil Uzi Vert",2018,92.5
17,"Kamikaze","Eminem",2018,92
18,"Goodbye & Good Riddance","Juice WRLD",2018,91.5
19,"17","XXXTENTACION",2018,91
20,"This One's For You","Luke Combs",2018,90.5
21,"Hamilton: An American Musical","Original Broadway Cast",2018,90
22,"Red Pill Blues","Maroon 5",2018,89.5
23,"The Thrill Of It All","Sam Smith",2018,89
24,"Tha Carter V","Lil Wayne",2018,88.5
25,"Camila","Camila Cabello",2018,88
26,"24K Magic","Bruno Mars",2018,87.5
27,"Kane Brown","Kane Brown",2018,87
28,"Heartbreak On A Full Moon","Chris Brown",2018,86.5
29,"The Beautiful & Damned","G-Eazy",2018,86
30,"Rearview Town","Jason Aldean",2018,85.5
31,"Ctrl","SZA",2018,85
32,"Revival","Eminem",2018,84.5
33,"More Life","Drake",2018,84
34,"Traveller","Chris Stapleton",2018,83.5
35,"Tell Me You Love Me","Demi Lovato",2018,83
36,"Beautiful Trauma","P!nk",2018,82.5
37,"A Star Is Born (Soundtrack)","Lady Gaga & Bradley Cooper",2018,82
38,"Sweetener","Ariana Grande",2018,81.5
39,"Harder Than Ever","Lil Baby",2018,81
40,"Perception","NF",2018,80.5
41,"Life Changes","Thomas Rhett",2018,80
42,"Queen","Nicki Minaj",2018,79.5
43,"Project Baby Two","Kodak Black",2018,79
44,"Life Of A Dark Rose","Lil Skies",2018,78.5
45,"Without Warning","21 Savage, Offset & Metro Boomin",2018,78
46,"Man Of The Woods","Justin Timberlake",2018,77.5
47,"Views","Drake",2018,77
48,"My Dear Melancholy, (EP)","The Weeknd",2018,76.5
49,"Starboy","The Weeknd",2018,76
50,"ye","Kanye West",2018,75.5
51,"hopeless fountain kingdom","Halsey",2018,75
52,"Moana","Soundtrack",2018,74.5
53,"Dua Lipa","Dua Lipa",2018,74
54,"What Makes You Country","Luke Bryan",2018,73.5
55,"Shawn Mendes","Shawn Mendes",2018,73
56,"Odisea","Ozuna",2018,72.5
57,"Pray For The Wicked","Panic! At The Disco",2018,72
58,"Take Care","Drake",2018,71.5
59,"Curtain Call: The Hits","Eminem",2018,71
60,"From A Room: Volume 2","Chris Stapleton",2018,70.5
61,"Brett Young"," Brett Young",2018,70
62,"Diamonds","Elton John",2018,69.5
63,"x","Ed Sheeran",2018,69
64,"Bobby Tarantino II","Logic",2018,68.5
65,"From A Room: Volume 1","Chris Stapleton",2018,68
66,"Culture","Migos",2018,67.5
67,"The World Is Yours","Rich The Kid",2018,67
68,"H.E.R.","H.E.R.",2018,66.5
69,"Cosmic","Bazzi",2018,66
70,"EVERYTHING IS LOVE","The Carters",2018,65.5
71,"Night Visions","Imagine Dragons",2018,65
72,"Youngblood","5 Seconds Of Summer",2018,64.5
73,"Birds In The Trap Sing McKnight","Travis Scott",2018,64
74,"Greatest Hits","Tom Petty And The Heartbreakers",2018,63.5
75,"DAY69","6ix9ine",2018,63
76,"Until Death Call My Name","YoungBoy Never Broke Again",2018,62.5
77,"Blurryface","twenty one pilots",2018,62
78,"Legend: The Best Of Bob Marley And The Wailers","Bob Marley And The Wailers",2018,61.5
79,"A Pentatonix Christmas","Pentatonix",2018,61
80,"Trolls","Soundtrack",2018,60.5
81,"A Decade Of Destruction","Five Finger Death Punch",2018,60
82,"1989","Taylor Swift",2018,59.5
83,"There's Really A Wolf","Russ",2018,59
84,"In The Lonely Hour","Sam Smith",2018,58.5
85,"Love Yourself: Answer","BTS",2018,58
86,"Beauty Behind The Madness","The Weeknd",2018,57.5
87,"2014 Forest Hills Drive","J. Cole",2018,57
88,"Cry Pretty","Carrie Underwood",2018,56.5
89,"good kid, m.A.A.d city","Kendrick Lamar",2018,56
90,"Journey's Greatest Hits","Journey",2018,55.5
91,"Rumours","Fleetwood Mac",2018,55
92,"Dont Smile At Me","Billie Eilish",2018,54.5
93,"Chronicle The 20 Greatest Hits","Creedence Clearwater Revival Featuring John Fogerty",2018,54
94,"ANTI","Rihanna ",2018,53.5
95,"Come Tomorrow","Dave Matthews Band",2018,53
96,"Greatest Hits","Queen",2018,52.5
97,"Huncho Jack, Jack Huncho","Huncho Jack",2018,52
98,"Illuminate","Shawn Mendes",2018,51.5
99,"California Sunrise","Jon Pardi",2018,51
100,"The Bigger Artist","A Boogie Wit da Hoodie",2018,50.5
101,"Love Yourself: Tear","BTS",2018,50
102,"Drip Harder","Lil Baby & Gunna",2018,49.5
103,"Montevallo","Sam Hunt",2018,49
104,"Lil Pump","Lil Pump",2018,48.5
105,"The Essential Michael Jackson","Michael Jackson",2018,48
106,"Death Of A Bachelor","Panic! At The Disco",2018,47.5
107,"Swimming","Mac Miller",2018,47
108,"All Your Fault, Pt. 2 (EP)","Bebe Rexha",2018,46.5
109,"Metallica","Metallica",2018,46
110,"Freudian","Daniel Caesar",2018,45.5
111,"Nothing Was The Same","Drake",2018,45
112,"T R A P S O U L ","Bryson Tiller",2018,44.5
113,"Look Up Child","Lauren Daigle",2018,44
114,"Graffiti U","Keith Urban",2018,43.5
115,"Dan + Shay","Dan + Shay",2018,43
116,"SR3MM","Rae Sremmurd, Swae Lee & Slim Jxmmi",2018,42.5
117,"War & Leisure","Miguel",2018,42
118,"Dig Your Roots","Florida Georgia Line",2018,41.5
119,"25","Adele",2018,41
120,"Doo-Wops & Hooligans","Bruno Mars",2018,40.5
121,"Quality Control: Control The Streets, Vol. 1","Various Artists",2018,40
122,"Trench","twenty one pilots",2018,39.5
123,"Die Lit","Playboi Carti",2018,39
124,"Drip Season 3","Gunna",2018,38.5
125,"Testing","A$AP Rocky",2018,38
126,"Trip","Jhene Aiko",2018,37.5
127,"1","The Beatles",2018,37
128,"Rolling Papers 2","Wiz Khalifa",2018,36.5
129,"Memories...Do Not Open","The Chainsmokers",2018,36
130,"Voicenotes","Charlie Puth",2018,35.5
131,"Songs Of Experience","U2",2018,35
132,"Coloring Book","Chance The Rapper",2018,34.5
133,"Greatest Hits","The Notorious B.I.G.",2018,34
134,"Life's A Trip","Trippie Redd",2018,33.5
135,"Greatest Hits So Far...","Zac Brown Band",2018,33
136,"Lil Boat 2","Lil Yachty",2018,32.5
137,"Woodstock","Portugal. The Man",2018,32
138,"The Anthology: Part I, The First Five Years","Garth Brooks",2018,31.5
139,"If You're Reading This It's Too Late","Drake",2018,31
140,"KIDS SEE GHOSTS","KIDS SEE GHOSTS",2018,30.5
141," Issa Album","21 Savage",2018,30
142,"Everybody","Logic",2018,29.5
143,"The Life Of Pablo","Kanye West",2018,29
144,"Too Hard","Lil Baby",2018,28.5
145,"Mr. Davis","Gucci Mane",2018,28
146,"Mamma Mia! Here We Go Again","Soundtrack",2018,27.5
147,"Expectations","Bebe Rexha",2018,27
148,"13 Reasons Why, Season 2","Soundtrack",2018,26.5
149,"Texoma Shore","Blake Shelton",2018,26
150,"Love Yourself: Her","BTS",2018,25.5
151,"Happy Endings","Old Dominion",2018,25
152,"From The Fires","Greta Van Fleet ",2018,24.5
153,"Greatest Hits","Bob Seger & The Silver Bullet Band",2018,24
154,"Christmas","Michael Buble",2018,23.5
155,"Flower Boy","Tyler, The Creator",2018,23
156,"Mothership","Led Zeppelin",2018,22.5
157,"Purpose","Justin Bieber",2018,22
158,"Still Striving","A$AP Ferg",2018,21.5
159,"Tangled Up","Thomas Rhett",2018,21
160,"Grateful","DJ Khaled",2018,20.5
161,"Love, Simon","Soundtrack",2018,20
162,"Dangerous Woman","Ariana Grande",2018,19.5
163,"Abbey Road","The Beatles",2018,19
164,"A Love Letter To You","Trippie Redd",2018,18.5
165,"Blonde","Frank Ocean",2018,18
166,"The Mountain","Dierks Bentley",2018,17.5
167,"And Justice For None","Five Finger Death Punch",2018,17
168,"Greatest Hits","2Pac",2018,16.5
169,"Greatest Hits","Red Hot Chili Peppers",2018,16
170,"Flicker","Niall Horan",2018,15.5
171,"[Hybrid Theory]","Linkin Park",2018,15
172,"GEMINI","Macklemore",2018,14.5
173,"Stay Dangerous","YG",2018,14
174,"Ready (EP)","Ella Mai",2018,13.5
175,"Egypt Station","Paul McCartney",2018,13
176,"The Rest Of Our Life","Tim McGraw & Faith Hill",2018,12.5
177,"YSIV","Logic",2018,12
178,"AI YoungBoy","YoungBoy Never Broke Again",2018,11.5
179,"21","Adele",2018,11
180,"I Can Only Imagine: The Very Best Of MercyMe","MercyMe",2018,10.5
181,"Aura","Ozuna",2018,10
182,"Luca Brasi 3","Kevin Gates",2018,9.5
183,"Ripcord","Keith Urban",2018,9
184,"Fifty Shades Freed","Soundtrack",2018,8.5
185,"FUTURE","Future",2018,8
186,"Speak Your Mind","Anne-Marie",2018,7.5
187,"Reloaded: 20 #1 Hits","Blake Shelton",2018,7
188,"East Atlanta Love Letter","6LACK",2018,6.5
189,"Back In Black","AC/DC",2018,6
190,"Thriller","Michael Jackson",2018,5.5
191,"Pretty Girls Like Trap Music","2 Chainz",2018,5
192,"Quavo Huncho","Quavo",2018,4.5
193,"Dancing Queen","Cher",2018,4
194,"Simi","BlocBoy JB",2018,3.5
195,"The Fate Of The Furious: The Album","Soundtrack",2018,3
196,"Revenge","XXXTENTACION",2018,2.5
197,"That's Christmas To Me","Pentatonix",2018,2
198,"M A N I A","Fall Out Boy",2018,1.5
199,"Live In No Shoes Nation","Kenny Chesney",2018,1
200,"Memories Don't Die","Tory Lanez",2018,0.5
1,"When We All Fall Asleep, Where Do We Go?","Billie Eilish",2019,100
2,"Thank U, Next","Ariana Grande",2019,99.5
3,"A Star Is Born (Soundtrack)","Lady Gaga & Bradley Cooper",2019,99
4,"Lover","Taylor Swift",2019,98.5
5,"beerbongs & bentleys","Post Malone",2019,98
6,"Scorpion","Drake",2019,97.5
7,"Championships","Meek Mill",2019,97
8,"ASTROWORLD","Travis Scott",2019,96.5
9,"Hollywood's Bleeding","Post Malone",2019,96
10," Hoodie SZN","A Boogie Wit da Hoodie",2019,95.5
11,"This One's For You","Luke Combs",2019,95
12,"Bohemian Rhapsody (Soundtrack)","Queen",2019,94.5
13,"Free Spirit","Khalid",2019,94
14,"The Greatest Showman","Soundtrack",2019,93.5
15,"Spider-Man: Into The Spider-Verse","Soundtrack",2019,93
16,"Dont Smile At Me","Billie Eilish",2019,92.5
17,"Goodbye & Good Riddance","Juice WRLD",2019,92
18,"I Am > I Was","21 Savage",2019,91.5
19,"Invasion Of Privacy","Cardi B",2019,91
20,"Cuz I Love You","Lizzo",2019,90.5
21,"?","XXXTENTACION",2019,90
22,"Death Race For Love","Juice WRLD",2019,89.5
23,"Drip Harder","Lil Baby & Gunna",2019,89
24,"Stoney","Post Malone",2019,88.5
25,"Happiness Begins","Jonas Brothers",2019,88
26,"Dan + Shay","Dan + Shay",2019,87.5
27,"Greatest Hits","Queen",2019,87
28,"Baby On Baby","DaBaby",2019,86.5
29,"Hamilton: An American Musical","Original Broadway Cast",2019,86
30,"Look Up Child","Lauren Daigle",2019,85.5
31," (Divide)","Ed Sheeran",2019,85
32,"Sweetener","Ariana Grande",2019,84.5
33,"Dying To Live","Kodak Black",2019,84
34,"Diamonds","Elton John",2019,83.5
35,"No.6 Collaborations Project","Ed Sheeran",2019,83
36,"American Teen","Khalid",2019,82.5
37,"Indigo","Chris Brown",2019,82
38,"Shawn Mendes","Shawn Mendes",2019,81.5
39,"Pray For The Wicked","Panic! At The Disco",2019,81
40,"Tha Carter V","Lil Wayne",2019,80.5
41,"Ella Mai","Ella Mai",2019,80
42," Experiment","Kane Brown",2019,79.5
43,"X 100PRE","Bad Bunny",2019,79
44,"Origins","Imagine Dragons",2019,78.5
45,"Street Gossip","Lil Baby",2019,78
46,"7 (EP)","Lil Nas X",2019,77.5
47,"Not All Heroes Wear Capes","Metro Boomin",2019,77
48,"So Much Fun","Young Thug",2019,76.5
49,"Traveller","Chris Stapleton",2019,76
50,"Evolve","Imagine Dragons",2019,75.5
51,"Map Of The Soul: PERSONA","BTS",2019,75
52,"Kamikaze","Eminem",2019,74.5
53,"Victory Lap","Nipsey Hussle",2019,74
54," Drip Or Drown 2","Gunna",2019,73.5
55,"DAMN.","Kendrick Lamar",2019,73
56,"A Love Letter To You 3","Trippie Redd",2019,72.5
57,"Abbey Road ","The Beatles",2019,72
58,"Luv Is Rage 2","Lil Uzi Vert",2019,71.5
59,"Realer","YoungBoy Never Broke Again",2019,71
60,"17"," XXXTENTACION",2019,70.5
61,"Legend: The Best Of Bob Marley And The Wailers","Bob Marley And The Wailers",2019,70
62,"Cosmic","Bazzi",2019,69.5
63,"Dreamville & J. Cole: Revenge Of The Dreamers III"," Various Artists",2019,69
64,"Father Of Asahd","DJ Khaled",2019,68.5
65,"Chronicle The 20 Greatest Hits","Creedence Clearwater Revival Featuring John Fogerty",2019,68
66," Curtain Call: The Hits","Eminem",2019,67.5
67,"Future Hndrxx Presents: The WIZRD","Future",2019,67
68,"Take Care","Drake",2019,66.5
69,"Views","Drake",2019,66
70,"Journey's Greatest Hits","Journey",2019,65.5
71,"IGOR","Tyler, The Creator",2019,65
72,"Rearview Town","Jason Aldean",2019,64.5
73,"Trench","twenty one pilots",2019,64
74,"reputation","Taylor Swift",2019,63.5
75,"Harder Than Ever","Lil Baby",2019,63
76,"Culture II","Migos",2019,62.5
77,"Swimming","Mac Miller",2019,62
78," Kane Brown","Kane Brown",2019,61.5
79,"DUMMY BOY","6ix9ine",2019,61
80,"Greatest Hits I II & III: The Platinum Collection","Queen",2019,60.5
81,"Moana","Soundtrack",2019,60
82,"H.E.R.","H.E.R.",2019,59.5
83,"More Life","Drake",2019,59
84,"FATHER OF 4","Offset",2019,58.5
85,"I Am You","YNW Melly",2019,58
86,"Golden Hour","Kacey Musgraves",2019,57.5
87,"If I Know Me","Morgan Wallen",2019,57
88,"Perception","NF",2019,56.5
89,"Greatest Hits","2Pac",2019,56
90,"Rumours ","Fleetwood Mac",2019,55.5
91,"2014 Forest Hills Drive","J. Cole",2019,55
92,"The Essential Billy Joel","Billy Joel",2019,54.5
93,"LoVE me NOw?","Tory Lanez",2019,54
94,"Camila","Camila Cabello",2019,53.5
95,"The Search","NF",2019,53
96,"Queen","Nicki Minaj",2019,52.5
97,"1","The Beatles",2019,52
98,"Starboy","The Weeknd",2019,51.5
99,"Ctrl","SZA",2019,51
100,"Delta","Mumford & Sons",2019,50.5
101,"The Essential Michael Jackson","Michael Jackson",2019,50
102,"Red Pill Blues","Maroon 5",2019,49.5
103,"Night Visions","Imagine Dragons",2019,49
104,"KIRK","DaBaby",2019,48.5
105,"GIRL","Maren Morris",2019,48
106,"Life Changes","Thomas Rhett",2019,47.5
107,"Until Death Call My Name","YoungBoy Never Broke Again",2019,47
108,"Bad Habits","NAV",2019,46.5
109,"Over It","Summer Walker",2019,46
110,"Feed Tha Streets II","Roddy Ricch",2019,45.5
111,"Can't Say I Ain't Country","Florida Georgia Line",2019,45
112,"x","Ed Sheeran",2019,44.5
113,"Die A Legend","Polo G",2019,44
114,"Fear Inoculum","Tool",2019,43.5
115,"Birds In The Trap Sing McKnight","Travis Scott",2019,43
116,"1989","Taylor Swift",2019,42.5
117,"Blurryface","twenty one pilots",2019,42
118,"Love Yourself: Answer","BTS",2019,41.5
119,"good kid, m.A.A.d city","Kendrick Lamar",2019,41
120,"24K Magic","Bruno Mars",2019,40.5
121,"Greatest Hits","Bob Seger & The Silver Bullet Band",2019,40
122,"STOKELEY","Ski Mask The Slump God",2019,39.5
123,"Beauty Behind The Madness","The Weeknd",2019,39
124,"We Love You Tecca","Lil Tecca",2019,38.5
125,"Back In Black"," AC/DC",2019,38
126,"BALLADS 1","Joji",2019,37.5
127,"ANTI","Rihanna",2019,37
128,"Love","Michael Buble",2019,36.5
129,"Thriller","Michael Jackson",2019,36
130,"Christmas","Michael Buble",2019,35.5
131,"We All Shine","YNW Melly ",2019,35
132,"Their Greatest Hits 1971-1975","Eagles",2019,34.5
133,"Skins","XXXTENTACION",2019,34
134,"Greatest Hits So Far...","Zac Brown Band ",2019,33.5
135,"Perfect Ten","Mustard",2019,33
136,"Divinely Uninspired To A Hellish Extent","Lewis Capaldi",2019,32.5
137,"KOD","J. Cole ",2019,32
138,"Youngblood","5 Seconds Of Summer",2019,31.5
139,"In The Lonely Hour","Sam Smith",2019,31
140,"Cry Pretty","Carrie Underwood ",2019,30.5
141,"JESUS IS KING (Soundtrack)","Kanye West",2019,30
142,"Expectations","Bebe Rexha",2019,29.5
143,"Marshmello: Fortnite Extended Set","Marshmello",2019,29
144,"Greatest Hits","The Notorious B.I.G.",2019,28.5
145,"Die Lit","Playboi Carti",2019,28
146,"California Sunrise","Jon Pardi",2019,27.5
147,"Suncity","Khalid",2019,27
148,"Greatest Hits","Tom Petty And The Heartbreakers",2019,26.5
149,"Hurts 2B Human","P!nk",2019,26
150,"Quality Control: Control The Streets, Volume 2","Various Artists",2019,25.5
151,"FRIENDS KEEP SECRETS (EP)","benny blanco",2019,25
152,"AI YoungBoy 2","YoungBoy Never Broke Again",2019,24.5
153,"Center Point Road","Thomas Rhett",2019,24
154,"Nothing Was The Same","Drake",2019,23.5
155,"HOMECOMING: THE LIVE ALBUM","Beyonce",2019,23
156,"The Prequel (EP)","Luke Combs",2019,22.5
157,"Greatest Hits","Guns N' Roses",2019,22
158,"21","Adele",2019,21.5
159,"The Big Day","Chance The Rapper",2019,21
160,"Nevermind","Nirvana",2019,20.5
161,"Brett Young","Brett Young",2019,20
162,"The Beatles [White Album]","The Beatles",2019,19.5
163,"Fever","Megan Thee Stallion",2019,19
164,"DNA","Backstreet Boys",2019,18.5
165,"hopeless fountain kingdom","Halsey",2019,18
166,"Luca Brasi 3","Kevin Gates",2019,17.5
167,"Doo-Wops & Hooligans","Bruno Mars",2019,17
168,"Blonde","Frank Ocean",2019,16.5
169,"Evil Genius","Gucci Mane",2019,16
170,"Future & Juice WRLD Present... WRLD ON DRUGS","Future & Juice WRLD",2019,15.5
171,"A Decade Of Destruction","Five Finger Death Punch",2019,15
172,"Care Package","Drake",2019,14.5
173,"Aladdin (2019)","Soundtrack",2019,14
174,"Metallica","Metallica",2019,13.5
175,"Heartbreak On A Full Moon","Chris Brown",2019,13
176,"Christmas Is Here!","Pentatonix",2019,12.5
177,"Greatest Hits","Red Hot Chili Peppers",2019,12
178,"Life's A Trip","Trippie Redd",2019,11.5
179,"Girl Code","City Girls",2019,11
180,"CrasH Talk","ScHoolboy Q",2019,10.5
181,"Northsbest","Lil Mosey",2019,10
182,"Norman Fucking Rockwell!","Lana Del Rey",2019,9.5
183,"Sounds Of Summer: The Very Best Of The Beach Boys","The Beach Boys",2019,9
184,"Black Panther: The Album, Music From And Inspired By","Soundtrack",2019,8.5
185,"SuperM: The 1st Mini Album (EP)","SuperM",2019,8
186,"Confessions Of A Dangerous Mind","Logic",2019,7.5
187,"Last Day Of Summer","Summer Walker",2019,7
188,"50 Number Ones","George Strait",2019,6.5
189,"Aura","Ozuna",2019,6
190,"T R A P S O U L","Bryson Tiller",2019,5.5
191,"Merry Christmas"," Mariah Carey",2019,5
192,"Dangerous Woman","Ariana Grande",2019,4.5
193,"4Respect 4Freedom 4Loyalty 4WhatImportant","YoungBoy Never Broke Again",2019,4
194,"Shelby","Lil Skies",2019,3.5
195,"Oasis","J Balvin & Bad Bunny",2019,3
196,"Freudian","Daniel Caesar",2019,2.5
197,"Life Of A Dark Rose","Lil Skies",2019,2
198,"All Time Greatest Hits","Lynyrd Skynyrd",2019,1.5
199,"Signed To The Streets 3","Lil Durk",2019,1
200,"Father Of The Bride","Vampire Weekend",2019,0.5
